device_id,zone_id,zone_name,proximity_status,rssi_dbm,nfc_confirmed,timestamp,is_anomaly
STUBAND_003,ZONE_D,Restricted Area,1,-53,1,2025-12-01T08:03:00,0
STUBAND_001,ZONE_C,Library,1,-71,1,2025-12-01T08:07:00,0
STUBAND_002,ZONE_A,Lecture Hall,1,-46,1,2025-12-01T08:07:00,0
STUBAND_004,ZONE_A,Lecture Hall,1,-51,1,2025-12-01T08:07:00,0
STUBAND_007,ZONE_B,Laboratory,1,-50,1,2025-12-01T08:12:00,0
STUBAND_013,ZONE_A,Lecture Hall,1,-46,1,2025-12-01T08:12:00,0
STUBAND_008,ZONE_B,Laboratory,1,-68,1,2025-12-01T08:15:00,0
STUBAND_006,ZONE_C,Library,1,-65,1,2025-12-01T08:21:00,0
STUBAND_010,ZONE_C,Library,1,-72,1,2025-12-01T08:21:00,0
STUBAND_011,ZONE_C,Library,1,-55,1,2025-12-01T08:27:00,0
STUBAND_014,ZONE_A,Lecture Hall,1,-50,1,2025-12-01T08:27:00,0
STUBAND_002,ZONE_A,Lecture Hall,0,-46,1,2025-12-01T08:28:00,0
STUBAND_012,ZONE_B,Laboratory,1,-52,1,2025-12-01T08:28:00,0
STUBAND_005,ZONE_C,Library,1,-55,1,2025-12-01T08:29:00,0
STUBAND_006,ZONE_C,Library,0,-65,1,2025-12-01T08:55:00,0
STUBAND_002,ZONE_C,Library,1,-70,1,2025-12-01T08:57:00,0
STUBAND_008,ZONE_B,Laboratory,0,-68,1,2025-12-01T09:03:00,0
STUBAND_006,ZONE_A,Lecture Hall,1,-48,1,2025-12-01T09:07:00,0
STUBAND_012,ZONE_B,Laboratory,0,-52,1,2025-12-01T09:09:00,0
STUBAND_008,ZONE_C,Library,1,-55,1,2025-12-01T09:12:00,0
STUBAND_004,ZONE_A,Lecture Hall,0,-51,1,2025-12-01T09:26:00,0
STUBAND_013,ZONE_A,Lecture Hall,0,-46,1,2025-12-01T09:29:00,0
STUBAND_004,ZONE_C,Library,1,-63,1,2025-12-01T09:34:00,0
STUBAND_013,ZONE_C,Library,1,-65,1,2025-12-01T09:36:00,0
STUBAND_012,ZONE_A,Lecture Hall,1,-45,1,2025-12-01T09:37:00,0
STUBAND_007,ZONE_B,Laboratory,0,-50,1,2025-12-01T09:39:00,0
STUBAND_007,ZONE_C,Library,1,-68,1,2025-12-01T09:48:00,0
STUBAND_006,ZONE_A,Lecture Hall,0,-48,1,2025-12-01T10:21:00,0
STUBAND_002,ZONE_C,Library,0,-70,1,2025-12-01T10:44:00,0
STUBAND_001,ZONE_C,Library,0,-71,1,2025-12-01T10:46:00,0
STUBAND_001,ZONE_A,Lecture Hall,1,-47,1,2025-12-01T10:53:00,0
STUBAND_011,ZONE_C,Library,0,-55,1,2025-12-01T10:56:00,0
STUBAND_002,ZONE_D,Restricted Area,1,-61,1,2025-12-01T10:57:00,0
STUBAND_010,ZONE_C,Library,0,-72,1,2025-12-01T10:58:00,0
STUBAND_008,ZONE_C,Library,0,-55,1,2025-12-01T11:20:00,0
STUBAND_011,ZONE_A,Lecture Hall,1,-55,1,2025-12-01T11:20:00,0
STUBAND_004,ZONE_C,Library,0,-63,1,2025-12-01T11:27:00,0
STUBAND_010,ZONE_A,Lecture Hall,1,-50,1,2025-12-01T11:27:00,0
STUBAND_012,ZONE_A,Lecture Hall,0,-45,1,2025-12-01T12:13:00,0
STUBAND_007,ZONE_C,Library,0,-68,1,2025-12-01T12:25:00,0
STUBAND_012,ZONE_C,Library,1,-71,1,2025-12-01T12:42:00,0
STUBAND_002,ZONE_D,Restricted Area,0,-61,1,2025-12-01T12:43:00,0
STUBAND_002,ZONE_B,Laboratory,1,-68,1,2025-12-01T12:51:00,0
STUBAND_003,ZONE_D,Restricted Area,0,-53,1,2025-12-01T13:00:00,0
STUBAND_014,ZONE_A,Lecture Hall,0,-50,1,2025-12-01T13:17:00,0
STUBAND_003,ZONE_C,Library,1,-56,1,2025-12-01T13:25:00,0
STUBAND_010,ZONE_A,Lecture Hall,0,-50,1,2025-12-01T13:38:00,0
STUBAND_011,ZONE_A,Lecture Hall,0,-55,1,2025-12-01T13:55:00,0
STUBAND_011,ZONE_B,Laboratory,1,-51,1,2025-12-01T14:00:00,0
STUBAND_005,ZONE_C,Library,0,-55,1,2025-12-01T14:10:00,0
STUBAND_011,ZONE_B,Laboratory,0,-51,1,2025-12-01T14:24:00,0
STUBAND_002,ZONE_B,Laboratory,0,-68,1,2025-12-01T14:42:00,0
STUBAND_012,ZONE_C,Library,0,-71,1,2025-12-01T15:03:00,0
STUBAND_013,ZONE_C,Library,0,-65,1,2025-12-01T15:06:00,0
STUBAND_003,ZONE_C,Library,0,-56,1,2025-12-01T15:17:00,0
STUBAND_013,ZONE_B,Laboratory,1,-52,1,2025-12-01T15:18:00,0
STUBAND_001,ZONE_A,Lecture Hall,0,-47,1,2025-12-01T15:24:00,0
STUBAND_013,ZONE_B,Laboratory,0,-52,1,2025-12-01T15:56:00,0
STUBAND_005,ZONE_B,Laboratory,1,-51,1,2025-12-02T08:02:00,0
STUBAND_009,ZONE_B,Laboratory,1,-67,1,2025-12-02T08:03:00,0
STUBAND_015,ZONE_A,Lecture Hall,1,-47,1,2025-12-02T08:05:00,0
STUBAND_001,ZONE_D,Restricted Area,1,-62,1,2025-12-02T08:06:00,0
STUBAND_004,ZONE_B,Laboratory,1,-69,1,2025-12-02T08:06:00,0
STUBAND_006,ZONE_C,Library,1,-67,1,2025-12-02T08:07:00,0
STUBAND_002,ZONE_D,Restricted Area,1,-51,1,2025-12-02T08:08:00,0
STUBAND_014,ZONE_B,Laboratory,1,-59,1,2025-12-02T08:09:00,0
STUBAND_003,ZONE_D,Restricted Area,1,-57,1,2025-12-02T08:12:00,0
STUBAND_010,ZONE_C,Library,1,-67,1,2025-12-02T08:15:00,0
STUBAND_012,ZONE_C,Library,1,-61,1,2025-12-02T08:23:00,0
STUBAND_008,ZONE_B,Laboratory,1,-63,1,2025-12-02T08:28:00,0
STUBAND_014,ZONE_B,Laboratory,0,-59,1,2025-12-02T08:39:00,0
STUBAND_002,ZONE_D,Restricted Area,0,-51,1,2025-12-02T08:47:00,0
STUBAND_010,ZONE_C,Library,0,-67,1,2025-12-02T08:48:00,0
STUBAND_014,ZONE_A,Lecture Hall,1,-57,1,2025-12-02T08:55:00,0
STUBAND_009,ZONE_B,Laboratory,0,-67,1,2025-12-02T09:02:00,0
STUBAND_002,ZONE_A,Lecture Hall,1,-57,1,2025-12-02T09:06:00,0
STUBAND_008,ZONE_B,Laboratory,0,-63,1,2025-12-02T09:28:00,0
STUBAND_015,ZONE_A,Lecture Hall,0,-47,1,2025-12-02T09:28:00,0
STUBAND_006,ZONE_C,Library,0,-67,1,2025-12-02T09:43:00,0
STUBAND_008,ZONE_A,Lecture Hall,1,-60,1,2025-12-02T09:47:00,0
STUBAND_006,ZONE_A,Lecture Hall,1,-50,1,2025-12-02T10:02:00,0
STUBAND_001,ZONE_D,Restricted Area,0,-62,1,2025-12-02T10:16:00,0
STUBAND_003,ZONE_D,Restricted Area,0,-57,1,2025-12-02T10:28:00,0
STUBAND_001,ZONE_A,Lecture Hall,1,-47,1,2025-12-02T10:32:00,0
STUBAND_012,ZONE_C,Library,0,-61,1,2025-12-02T10:32:00,0
STUBAND_006,ZONE_A,Lecture Hall,0,-50,1,2025-12-02T10:40:00,0
STUBAND_003,ZONE_A,Lecture Hall,1,-47,1,2025-12-02T10:42:00,0
STUBAND_004,ZONE_B,Laboratory,0,-69,1,2025-12-02T10:44:00,0
STUBAND_006,ZONE_B,Laboratory,1,-56,1,2025-12-02T10:45:00,0
STUBAND_012,ZONE_A,Lecture Hall,1,-60,1,2025-12-02T10:54:00,0
STUBAND_001,ZONE_A,Lecture Hall,0,-47,1,2025-12-02T11:05:00,0
STUBAND_001,ZONE_B,Laboratory,1,-50,1,2025-12-02T11:31:00,0
STUBAND_014,ZONE_A,Lecture Hall,0,-57,1,2025-12-02T11:38:00,0
STUBAND_012,ZONE_A,Lecture Hall,0,-60,1,2025-12-02T11:52:00,0
STUBAND_014,ZONE_C,Library,1,-56,1,2025-12-02T11:56:00,0
STUBAND_001,ZONE_B,Laboratory,0,-50,1,2025-12-02T12:16:00,0
STUBAND_001,ZONE_C,Library,1,-63,1,2025-12-02T12:22:00,0
STUBAND_008,ZONE_A,Lecture Hall,0,-60,1,2025-12-02T12:28:00,0
STUBAND_005,ZONE_B,Laboratory,0,-51,1,2025-12-02T12:52:00,0
STUBAND_001,ZONE_C,Library,0,-63,1,2025-12-02T13:09:00,0
STUBAND_005,ZONE_A,Lecture Hall,1,-57,1,2025-12-02T13:09:00,0
STUBAND_014,ZONE_C,Library,0,-56,1,2025-12-02T13:16:00,0
STUBAND_003,ZONE_A,Lecture Hall,0,-47,1,2025-12-02T13:24:00,0
STUBAND_006,ZONE_B,Laboratory,0,-56,1,2025-12-02T13:29:00,0
STUBAND_002,ZONE_A,Lecture Hall,0,-57,1,2025-12-02T14:35:00,0
STUBAND_002,ZONE_B,Laboratory,1,-68,1,2025-12-02T14:40:00,0
STUBAND_005,ZONE_A,Lecture Hall,0,-57,1,2025-12-02T15:54:00,0
STUBAND_002,ZONE_B,Laboratory,0,-68,1,2025-12-02T16:00:00,0
STUBAND_005,ZONE_C,Library,1,-57,1,2025-12-02T16:06:00,0
STUBAND_002,ZONE_C,Library,1,-62,1,2025-12-02T16:10:00,0
STUBAND_002,ZONE_C,Library,0,-62,1,2025-12-02T17:24:00,0
STUBAND_005,ZONE_C,Library,0,-57,1,2025-12-02T19:04:00,0
STUBAND_003,ZONE_B,Laboratory,1,-54,1,2025-12-03T08:00:00,0
STUBAND_014,ZONE_A,Lecture Hall,1,-53,1,2025-12-03T08:04:00,0
STUBAND_007,ZONE_A,Lecture Hall,1,-46,1,2025-12-03T08:05:00,0
STUBAND_001,ZONE_A,Lecture Hall,1,-54,1,2025-12-03T08:07:00,0
STUBAND_009,ZONE_A,Lecture Hall,1,-48,1,2025-12-03T08:07:00,0
STUBAND_011,ZONE_A,Lecture Hall,1,-46,1,2025-12-03T08:10:00,0
STUBAND_006,ZONE_A,Lecture Hall,1,-58,1,2025-12-03T08:15:00,0
STUBAND_010,ZONE_A,Lecture Hall,1,-60,1,2025-12-03T08:15:00,0
STUBAND_015,ZONE_A,Lecture Hall,1,-60,1,2025-12-03T08:18:00,0
STUBAND_004,ZONE_B,Laboratory,1,-58,1,2025-12-03T08:21:00,0
STUBAND_005,ZONE_C,Library,1,-69,1,2025-12-03T08:21:00,0
STUBAND_008,ZONE_C,Library,1,-68,1,2025-12-03T08:23:00,0
STUBAND_013,ZONE_C,Library,1,-73,1,2025-12-03T08:26:00,0
STUBAND_012,ZONE_A,Lecture Hall,1,-52,1,2025-12-03T08:27:00,0
STUBAND_002,ZONE_C,Library,1,-67,1,2025-12-03T08:28:00,0
STUBAND_014,ZONE_A,Lecture Hall,0,-53,1,2025-12-03T08:53:00,0
STUBAND_014,ZONE_C,Library,1,-69,1,2025-12-03T09:16:00,0
STUBAND_009,ZONE_A,Lecture Hall,0,-48,1,2025-12-03T09:21:00,0
STUBAND_005,ZONE_C,Library,0,-69,1,2025-12-03T09:24:00,0
STUBAND_004,ZONE_B,Laboratory,0,-58,1,2025-12-03T09:25:00,0
STUBAND_009,ZONE_C,Library,1,-58,1,2025-12-03T09:28:00,0
STUBAND_012,ZONE_A,Lecture Hall,0,-52,1,2025-12-03T09:41:00,0
STUBAND_004,ZONE_A,Lecture Hall,1,-51,1,2025-12-03T09:49:00,0
STUBAND_005,ZONE_B,Laboratory,1,-68,1,2025-12-03T09:50:00,0
STUBAND_010,ZONE_A,Lecture Hall,0,-60,1,2025-12-03T09:51:00,0
STUBAND_008,ZONE_C,Library,0,-68,1,2025-12-03T09:53:00,0
STUBAND_002,ZONE_C,Library,0,-67,1,2025-12-03T09:55:00,0
STUBAND_002,ZONE_A,Lecture Hall,1,-57,1,2025-12-03T10:01:00,0
STUBAND_009,ZONE_C,Library,0,-58,1,2025-12-03T10:03:00,0
STUBAND_004,ZONE_A,Lecture Hall,0,-51,1,2025-12-03T10:09:00,0
STUBAND_010,ZONE_C,Library,1,-63,1,2025-12-03T10:20:00,0
STUBAND_008,ZONE_B,Laboratory,1,-54,1,2025-12-03T10:22:00,0
STUBAND_001,ZONE_A,Lecture Hall,0,-54,1,2025-12-03T10:24:00,0
STUBAND_003,ZONE_B,Laboratory,0,-54,1,2025-12-03T10:37:00,0
STUBAND_001,ZONE_B,Laboratory,1,-61,1,2025-12-03T10:40:00,0
STUBAND_014,ZONE_C,Library,0,-69,1,2025-12-03T10:41:00,0
STUBAND_006,ZONE_A,Lecture Hall,0,-58,1,2025-12-03T11:02:00,0
STUBAND_003,ZONE_D,Restricted Area,1,-59,1,2025-12-03T11:03:00,0
STUBAND_013,ZONE_C,Library,0,-73,1,2025-12-03T11:04:00,0
STUBAND_015,ZONE_A,Lecture Hall,0,-60,1,2025-12-03T11:05:00,0
STUBAND_011,ZONE_A,Lecture Hall,0,-46,1,2025-12-03T11:09:00,0
STUBAND_013,ZONE_B,Laboratory,1,-59,1,2025-12-03T11:10:00,0
STUBAND_011,ZONE_B,Laboratory,1,-70,1,2025-12-03T11:31:00,0
STUBAND_015,ZONE_B,Laboratory,1,-64,1,2025-12-03T11:31:00,0
STUBAND_003,ZONE_D,Restricted Area,0,-59,1,2025-12-03T11:40:00,0
STUBAND_008,ZONE_B,Laboratory,0,-54,1,2025-12-03T11:43:00,0
STUBAND_013,ZONE_B,Laboratory,0,-59,1,2025-12-03T11:47:00,0
STUBAND_002,ZONE_A,Lecture Hall,0,-57,1,2025-12-03T11:49:00,0
STUBAND_008,ZONE_A,Lecture Hall,1,-46,1,2025-12-03T11:56:00,0
STUBAND_001,ZONE_B,Laboratory,0,-61,1,2025-12-03T11:58:00,0
STUBAND_003,ZONE_A,Lecture Hall,1,-50,1,2025-12-03T12:06:00,0
STUBAND_001,ZONE_D,Restricted Area,1,-65,1,2025-12-03T12:10:00,0
STUBAND_002,ZONE_D,Restricted Area,1,-55,1,2025-12-03T12:17:00,0
STUBAND_010,ZONE_C,Library,0,-63,1,2025-12-03T12:27:00,0
STUBAND_005,ZONE_B,Laboratory,0,-68,1,2025-12-03T12:48:00,0
STUBAND_010,ZONE_B,Laboratory,1,-53,1,2025-12-03T12:49:00,0
STUBAND_007,ZONE_A,Lecture Hall,0,-46,1,2025-12-03T12:56:00,0
STUBAND_003,ZONE_A,Lecture Hall,0,-50,1,2025-12-03T12:57:00,0
STUBAND_005,ZONE_A,Lecture Hall,1,-53,1,2025-12-03T13:03:00,0
STUBAND_007,ZONE_B,Laboratory,1,-56,1,2025-12-03T13:04:00,0
STUBAND_003,ZONE_C,Library,1,-66,1,2025-12-03T13:25:00,0
STUBAND_010,ZONE_B,Laboratory,0,-53,1,2025-12-03T14:05:00,0
STUBAND_001,ZONE_D,Restricted Area,0,-65,1,2025-12-03T14:12:00,0
STUBAND_005,ZONE_A,Lecture Hall,0,-53,1,2025-12-03T14:20:00,0
STUBAND_011,ZONE_B,Laboratory,0,-70,1,2025-12-03T14:22:00,0
STUBAND_001,ZONE_C,Library,1,-67,1,2025-12-03T14:27:00,0
STUBAND_002,ZONE_D,Restricted Area,0,-55,1,2025-12-03T14:47:00,0
STUBAND_003,ZONE_C,Library,0,-66,1,2025-12-03T15:29:00,0
STUBAND_007,ZONE_B,Laboratory,0,-56,1,2025-12-03T15:47:00,0
STUBAND_001,ZONE_C,Library,0,-67,1,2025-12-03T15:58:00,0
STUBAND_007,ZONE_C,Library,1,-65,1,2025-12-03T16:11:00,0
STUBAND_008,ZONE_A,Lecture Hall,0,-46,1,2025-12-03T16:52:00,0
STUBAND_015,ZONE_B,Laboratory,0,-64,1,2025-12-03T17:19:00,0
STUBAND_015,ZONE_C,Library,1,-68,1,2025-12-03T17:44:00,0
STUBAND_007,ZONE_C,Library,0,-65,1,2025-12-03T18:24:00,0
STUBAND_015,ZONE_C,Library,0,-68,1,2025-12-03T19:21:00,0
STUBAND_003,ZONE_D,Restricted Area,1,-49,1,2025-12-04T08:05:00,0
STUBAND_007,ZONE_B,Laboratory,1,-52,1,2025-12-04T08:08:00,0
STUBAND_015,ZONE_B,Laboratory,1,-56,1,2025-12-04T08:09:00,0
STUBAND_011,ZONE_A,Lecture Hall,1,-59,1,2025-12-04T08:12:00,0
STUBAND_006,ZONE_C,Library,1,-61,1,2025-12-04T08:13:00,0
STUBAND_001,ZONE_A,Lecture Hall,1,-47,1,2025-12-04T08:17:00,0
STUBAND_005,ZONE_C,Library,1,-60,1,2025-12-04T08:22:00,0
STUBAND_004,ZONE_B,Laboratory,1,-64,1,2025-12-04T08:27:00,0
STUBAND_010,ZONE_A,Lecture Hall,1,-45,1,2025-12-04T08:27:00,0
STUBAND_012,ZONE_B,Laboratory,1,-56,1,2025-12-04T08:29:00,0
STUBAND_005,ZONE_C,Library,0,-60,1,2025-12-04T08:46:00,0
STUBAND_005,ZONE_A,Lecture Hall,1,-51,1,2025-12-04T08:53:00,0
STUBAND_001,ZONE_A,Lecture Hall,0,-47,1,2025-12-04T08:54:00,0
STUBAND_001,ZONE_B,Laboratory,1,-50,1,2025-12-04T09:15:00,0
STUBAND_003,ZONE_D,Restricted Area,0,-49,1,2025-12-04T09:34:00,0
STUBAND_006,ZONE_C,Library,0,-61,1,2025-12-04T09:37:00,0
STUBAND_006,ZONE_B,Laboratory,1,-67,1,2025-12-04T09:49:00,0
STUBAND_004,ZONE_B,Laboratory,0,-64,1,2025-12-04T09:53:00,0
STUBAND_003,ZONE_C,Library,1,-58,1,2025-12-04T09:58:00,0
STUBAND_004,ZONE_A,Lecture Hall,1,-52,1,2025-12-04T10:08:00,0
STUBAND_010,ZONE_A,Lecture Hall,0,-45,1,2025-12-04T10:14:00,0
STUBAND_005,ZONE_A,Lecture Hall,0,-51,1,2025-12-04T10:15:00,0
STUBAND_007,ZONE_B,Laboratory,0,-52,1,2025-12-04T10:42:00,0
STUBAND_011,ZONE_A,Lecture Hall,0,-59,1,2025-12-04T10:56:00,0
STUBAND_007,ZONE_A,Lecture Hall,1,-51,1,2025-12-04T11:06:00,0
STUBAND_011,ZONE_C,Library,1,-73,1,2025-12-04T11:10:00,0
STUBAND_012,ZONE_B,Laboratory,0,-56,1,2025-12-04T11:19:00,0
STUBAND_001,ZONE_B,Laboratory,0,-50,1,2025-12-04T11:22:00,0
STUBAND_006,ZONE_B,Laboratory,0,-67,1,2025-12-04T11:29:00,0
STUBAND_012,ZONE_C,Library,1,-66,1,2025-12-04T11:37:00,0
STUBAND_004,ZONE_A,Lecture Hall,0,-52,1,2025-12-04T11:38:00,0
STUBAND_004,ZONE_C,Library,1,-75,1,2025-12-04T12:00:00,0
STUBAND_011,ZONE_C,Library,0,-73,1,2025-12-04T12:00:00,0
STUBAND_012,ZONE_C,Library,0,-66,1,2025-12-04T12:12:00,0
STUBAND_007,ZONE_A,Lecture Hall,0,-51,1,2025-12-04T12:15:00,0
STUBAND_003,ZONE_C,Library,0,-58,1,2025-12-04T12:17:00,0
STUBAND_007,ZONE_C,Library,1,-68,1,2025-12-04T12:29:00,0
STUBAND_003,ZONE_A,Lecture Hall,1,-52,1,2025-12-04T12:35:00,0
STUBAND_012,ZONE_D,Restricted Area,1,-62,0,2025-12-04T12:36:00,1
STUBAND_015,ZONE_B,Laboratory,0,-56,1,2025-12-04T12:58:00,0
STUBAND_004,ZONE_C,Library,0,-75,1,2025-12-04T13:08:00,0
STUBAND_015,ZONE_A,Lecture Hall,1,-54,1,2025-12-04T13:11:00,0
STUBAND_012,ZONE_D,Restricted Area,0,-62,0,2025-12-04T13:50:00,1
STUBAND_003,ZONE_A,Lecture Hall,0,-52,1,2025-12-04T13:57:00,0
STUBAND_012,ZONE_A,Lecture Hall,1,-58,1,2025-12-04T14:03:00,0
STUBAND_003,ZONE_B,Laboratory,1,-62,1,2025-12-04T14:04:00,0
STUBAND_007,ZONE_C,Library,0,-68,1,2025-12-04T14:06:00,0
STUBAND_012,ZONE_A,Lecture Hall,0,-58,1,2025-12-04T15:07:00,0
STUBAND_003,ZONE_B,Laboratory,0,-62,1,2025-12-04T15:26:00,0
STUBAND_015,ZONE_A,Lecture Hall,0,-54,1,2025-12-04T15:50:00,0
STUBAND_015,ZONE_C,Library,1,-55,1,2025-12-04T16:02:00,0
STUBAND_015,ZONE_C,Library,0,-55,1,2025-12-04T17:30:00,0
STUBAND_006,ZONE_C,Library,1,-66,1,2025-12-05T08:06:00,0
STUBAND_005,ZONE_A,Lecture Hall,1,-52,1,2025-12-05T08:10:00,0
STUBAND_009,ZONE_B,Laboratory,1,-64,1,2025-12-05T08:12:00,0
STUBAND_015,ZONE_B,Laboratory,1,-67,1,2025-12-05T08:13:00,0
STUBAND_002,ZONE_C,Library,1,-66,1,2025-12-05T08:14:00,0
STUBAND_012,ZONE_B,Laboratory,1,-52,1,2025-12-05T08:16:00,0
STUBAND_004,ZONE_C,Library,1,-60,1,2025-12-05T08:20:00,0
STUBAND_013,ZONE_C,Library,1,-73,1,2025-12-05T08:20:00,0
STUBAND_003,ZONE_B,Laboratory,1,-52,1,2025-12-05T08:26:00,0
STUBAND_010,ZONE_C,Library,1,-57,1,2025-12-05T08:26:00,0
STUBAND_011,ZONE_A,Lecture Hall,1,-45,1,2025-12-05T08:27:00,0
STUBAND_008,ZONE_A,Lecture Hall,1,-57,1,2025-12-05T08:30:00,0
STUBAND_003,ZONE_B,Laboratory,0,-52,1,2025-12-05T08:51:00,0
STUBAND_015,ZONE_B,Laboratory,0,-67,1,2025-12-05T08:58:00,0
STUBAND_012,ZONE_B,Laboratory,0,-52,1,2025-12-05T09:01:00,0
STUBAND_015,ZONE_C,Library,1,-70,1,2025-12-05T09:17:00,0
STUBAND_003,ZONE_C,Library,1,-67,1,2025-12-05T09:20:00,0
STUBAND_012,ZONE_A,Lecture Hall,1,-46,1,2025-12-05T09:20:00,0
STUBAND_008,ZONE_A,Lecture Hall,0,-57,1,2025-12-05T09:29:00,0
STUBAND_002,ZONE_C,Library,0,-66,1,2025-12-05T09:43:00,0
STUBAND_015,ZONE_C,Library,0,-70,1,2025-12-05T09:44:00,0
STUBAND_008,ZONE_B,Laboratory,1,-61,1,2025-12-05T09:49:00,0
STUBAND_015,ZONE_A,Lecture Hall,1,-50,1,2025-12-05T09:50:00,0
STUBAND_002,ZONE_B,Laboratory,1,-53,1,2025-12-05T10:04:00,0
STUBAND_005,ZONE_A,Lecture Hall,0,-52,1,2025-12-05T10:13:00,0
STUBAND_003,ZONE_C,Library,0,-67,1,2025-12-05T10:24:00,0
STUBAND_011,ZONE_A,Lecture Hall,0,-45,1,2025-12-05T10:24:00,0
STUBAND_006,ZONE_C,Library,0,-66,1,2025-12-05T10:30:00,0
STUBAND_005,ZONE_B,Laboratory,1,-70,1,2025-12-05T10:34:00,0
STUBAND_006,ZONE_B,Laboratory,1,-70,1,2025-12-05T10:38:00,0
STUBAND_004,ZONE_C,Library,0,-60,1,2025-12-05T10:40:00,0
STUBAND_009,ZONE_B,Laboratory,0,-64,1,2025-12-05T10:42:00,0
STUBAND_002,ZONE_B,Laboratory,0,-53,1,2025-12-05T10:44:00,0
STUBAND_010,ZONE_C,Library,0,-57,1,2025-12-05T10:51:00,0
STUBAND_004,ZONE_A,Lecture Hall,1,-47,1,2025-12-05T10:56:00,0
STUBAND_013,ZONE_C,Library,0,-73,1,2025-12-05T10:56:00,0
STUBAND_010,ZONE_A,Lecture Hall,1,-46,1,2025-12-05T11:00:00,0
STUBAND_002,ZONE_A,Lecture Hall,1,-59,1,2025-12-05T11:08:00,0
STUBAND_009,ZONE_A,Lecture Hall,1,-52,1,2025-12-05T11:10:00,0
STUBAND_013,ZONE_B,Laboratory,1,-55,1,2025-12-05T11:13:00,0
STUBAND_008,ZONE_B,Laboratory,0,-61,1,2025-12-05T11:18:00,0
STUBAND_015,ZONE_A,Lecture Hall,0,-50,1,2025-12-05T11:25:00,0
STUBAND_004,ZONE_A,Lecture Hall,0,-47,1,2025-12-05T11:42:00,0
STUBAND_013,ZONE_B,Laboratory,0,-55,1,2025-12-05T11:42:00,0
STUBAND_004,ZONE_B,Laboratory,1,-60,1,2025-12-05T11:52:00,0
STUBAND_010,ZONE_A,Lecture Hall,0,-46,1,2025-12-05T12:48:00,0
STUBAND_002,ZONE_A,Lecture Hall,0,-59,1,2025-12-05T12:50:00,0
STUBAND_010,ZONE_B,Laboratory,1,-53,1,2025-12-05T13:03:00,0
STUBAND_005,ZONE_B,Laboratory,0,-70,1,2025-12-05T13:12:00,0
STUBAND_009,ZONE_A,Lecture Hall,0,-52,1,2025-12-05T13:16:00,0
STUBAND_006,ZONE_B,Laboratory,0,-70,1,2025-12-05T13:33:00,0
STUBAND_012,ZONE_A,Lecture Hall,0,-46,1,2025-12-05T13:58:00,0
STUBAND_006,ZONE_A,Lecture Hall,1,-53,1,2025-12-05T14:03:00,0
STUBAND_012,ZONE_C,Library,1,-55,1,2025-12-05T14:16:00,0
STUBAND_004,ZONE_B,Laboratory,0,-60,1,2025-12-05T14:18:00,0
STUBAND_012,ZONE_C,Library,0,-55,1,2025-12-05T14:55:00,0
STUBAND_010,ZONE_B,Laboratory,0,-53,1,2025-12-05T14:59:00,0
STUBAND_006,ZONE_A,Lecture Hall,0,-53,1,2025-12-05T15:42:00,0
STUBAND_007,ZONE_C,Library,1,-68,1,2025-12-06T08:03:00,0
STUBAND_006,ZONE_A,Lecture Hall,1,-53,1,2025-12-06T08:04:00,0
STUBAND_012,ZONE_C,Library,1,-67,1,2025-12-06T08:05:00,0
STUBAND_003,ZONE_C,Library,1,-63,1,2025-12-06T08:06:00,0
STUBAND_009,ZONE_A,Lecture Hall,1,-46,1,2025-12-06T08:06:00,0
STUBAND_001,ZONE_B,Laboratory,1,-52,1,2025-12-06T08:13:00,0
STUBAND_014,ZONE_B,Laboratory,1,-50,1,2025-12-06T08:19:00,0
STUBAND_002,ZONE_B,Laboratory,1,-62,1,2025-12-06T08:20:00,0
STUBAND_010,ZONE_A,Lecture Hall,1,-60,1,2025-12-06T08:21:00,0
STUBAND_013,ZONE_A,Lecture Hall,1,-51,1,2025-12-06T08:23:00,0
STUBAND_004,ZONE_A,Lecture Hall,1,-53,1,2025-12-06T08:24:00,0
STUBAND_011,ZONE_B,Laboratory,1,-63,1,2025-12-06T08:26:00,0
STUBAND_015,ZONE_A,Lecture Hall,1,-54,1,2025-12-06T08:27:00,0
STUBAND_008,ZONE_A,Lecture Hall,1,-56,1,2025-12-06T08:28:00,0
STUBAND_005,ZONE_C,Library,1,-66,1,2025-12-06T08:29:00,0
STUBAND_002,ZONE_B,Laboratory,0,-62,1,2025-12-06T08:42:00,0
STUBAND_013,ZONE_A,Lecture Hall,0,-51,1,2025-12-06T08:50:00,0
STUBAND_003,ZONE_C,Library,0,-63,1,2025-12-06T08:53:00,0
STUBAND_013,ZONE_B,Laboratory,1,-55,1,2025-12-06T08:56:00,0
STUBAND_003,ZONE_B,Laboratory,1,-58,1,2025-12-06T09:05:00,0
STUBAND_002,ZONE_A,Lecture Hall,1,-46,1,2025-12-06T09:12:00,0
STUBAND_001,ZONE_B,Laboratory,0,-52,1,2025-12-06T09:19:00,0
STUBAND_011,ZONE_B,Laboratory,0,-63,1,2025-12-06T09:23:00,0
STUBAND_009,ZONE_A,Lecture Hall,0,-46,1,2025-12-06T09:26:00,0
STUBAND_001,ZONE_C,Library,1,-70,1,2025-12-06T09:29:00,0
STUBAND_009,ZONE_C,Library,1,-72,1,2025-12-06T09:42:00,0
STUBAND_015,ZONE_A,Lecture Hall,0,-54,1,2025-12-06T09:45:00,0
STUBAND_011,ZONE_A,Lecture Hall,1,-60,1,2025-12-06T09:53:00,0
STUBAND_014,ZONE_B,Laboratory,0,-50,1,2025-12-06T10:02:00,0
STUBAND_015,ZONE_C,Library,1,-65,1,2025-12-06T10:03:00,0
STUBAND_006,ZONE_A,Lecture Hall,0,-53,1,2025-12-06T10:05:00,0
STUBAND_004,ZONE_A,Lecture Hall,0,-53,1,2025-12-06T10:14:00,0
STUBAND_008,ZONE_A,Lecture Hall,0,-56,1,2025-12-06T10:22:00,0
STUBAND_004,ZONE_C,Library,1,-55,1,2025-12-06T10:26:00,0
STUBAND_005,ZONE_C,Library,0,-66,1,2025-12-06T10:35:00,0
STUBAND_006,ZONE_B,Laboratory,1,-53,1,2025-12-06T10:35:00,0
STUBAND_005,ZONE_A,Lecture Hall,1,-49,1,2025-12-06T10:45:00,0
STUBAND_008,ZONE_C,Library,1,-71,1,2025-12-06T10:48:00,0
STUBAND_011,ZONE_A,Lecture Hall,0,-60,1,2025-12-06T10:50:00,0
STUBAND_011,ZONE_C,Library,1,-58,1,2025-12-06T10:59:00,0
STUBAND_007,ZONE_C,Library,0,-68,1,2025-12-06T11:01:00,0
STUBAND_013,ZONE_B,Laboratory,0,-55,1,2025-12-06T11:05:00,0
STUBAND_007,ZONE_D,Restricted Area,1,-55,0,2025-12-06T11:23:00,1
STUBAND_013,ZONE_C,Library,1,-61,1,2025-12-06T11:31:00,0
STUBAND_008,ZONE_C,Library,0,-71,1,2025-12-06T11:33:00,0
STUBAND_009,ZONE_C,Library,0,-72,1,2025-12-06T11:36:00,0
STUBAND_004,ZONE_C,Library,0,-55,1,2025-12-06T11:50:00,0
STUBAND_002,ZONE_A,Lecture Hall,0,-46,1,2025-12-06T11:51:00,0
STUBAND_003,ZONE_B,Laboratory,0,-58,1,2025-12-06T11:52:00,0
STUBAND_009,ZONE_B,Laboratory,1,-50,1,2025-12-06T11:58:00,0
STUBAND_007,ZONE_D,Restricted Area,0,-55,0,2025-12-06T11:59:00,1
STUBAND_002,ZONE_D,Restricted Area,1,-63,1,2025-12-06T12:01:00,0
STUBAND_011,ZONE_C,Library,0,-58,1,2025-12-06T12:03:00,0
STUBAND_015,ZONE_C,Library,0,-65,1,2025-12-06T12:05:00,0
STUBAND_003,ZONE_D,Restricted Area,1,-56,1,2025-12-06T12:06:00,0
STUBAND_005,ZONE_A,Lecture Hall,0,-49,1,2025-12-06T12:14:00,0
STUBAND_004,ZONE_B,Laboratory,1,-66,1,2025-12-06T12:16:00,0
STUBAND_005,ZONE_B,Laboratory,1,-62,1,2025-12-06T12:24:00,0
STUBAND_007,ZONE_B,Laboratory,1,-56,1,2025-12-06T12:24:00,0
STUBAND_006,ZONE_B,Laboratory,0,-53,1,2025-12-06T12:36:00,0
STUBAND_010,ZONE_A,Lecture Hall,0,-60,1,2025-12-06T13:23:00,0
STUBAND_002,ZONE_D,Restricted Area,0,-63,1,2025-12-06T13:49:00,0
STUBAND_009,ZONE_B,Laboratory,0,-50,1,2025-12-06T13:59:00,0
STUBAND_012,ZONE_C,Library,0,-67,1,2025-12-06T13:59:00,0
STUBAND_007,ZONE_B,Laboratory,0,-56,1,2025-12-06T14:01:00,0
STUBAND_012,ZONE_A,Lecture Hall,1,-57,1,2025-12-06T14:17:00,0
STUBAND_007,ZONE_A,Lecture Hall,1,-47,1,2025-12-06T14:26:00,0
STUBAND_001,ZONE_C,Library,0,-70,1,2025-12-06T14:37:00,0
STUBAND_005,ZONE_B,Laboratory,0,-62,1,2025-12-06T14:47:00,0
STUBAND_007,ZONE_A,Lecture Hall,0,-47,1,2025-12-06T14:57:00,0
STUBAND_004,ZONE_B,Laboratory,0,-66,1,2025-12-06T15:16:00,0
STUBAND_013,ZONE_C,Library,0,-61,1,2025-12-06T16:01:00,0
STUBAND_012,ZONE_A,Lecture Hall,0,-57,1,2025-12-06T16:38:00,0
STUBAND_003,ZONE_D,Restricted Area,0,-56,1,2025-12-06T17:50:00,0
STUBAND_003,ZONE_B,Laboratory,1,-65,1,2025-12-08T08:00:00,0
STUBAND_001,ZONE_C,Library,1,-73,1,2025-12-08T08:02:00,0
STUBAND_004,ZONE_C,Library,1,-65,1,2025-12-08T08:09:00,0
STUBAND_005,ZONE_C,Library,1,-59,1,2025-12-08T08:13:00,0
STUBAND_012,ZONE_A,Lecture Hall,1,-54,1,2025-12-08T08:16:00,0
STUBAND_015,ZONE_C,Library,1,-73,1,2025-12-08T08:16:00,0
STUBAND_007,ZONE_B,Laboratory,1,-63,1,2025-12-08T08:17:00,0
STUBAND_011,ZONE_B,Laboratory,1,-58,1,2025-12-08T08:18:00,0
STUBAND_006,ZONE_A,Lecture Hall,1,-59,1,2025-12-08T08:19:00,0
STUBAND_010,ZONE_C,Library,1,-63,1,2025-12-08T08:22:00,0
STUBAND_002,ZONE_A,Lecture Hall,1,-59,1,2025-12-08T08:27:00,0
STUBAND_014,ZONE_B,Laboratory,1,-50,1,2025-12-08T08:30:00,0
STUBAND_001,ZONE_C,Library,0,-73,1,2025-12-08T08:45:00,0
STUBAND_001,ZONE_A,Lecture Hall,1,-57,1,2025-12-08T09:03:00,0
STUBAND_003,ZONE_B,Laboratory,0,-65,1,2025-12-08T09:39:00,0
STUBAND_003,ZONE_D,Restricted Area,1,-54,1,2025-12-08T09:54:00,0
STUBAND_012,ZONE_A,Lecture Hall,0,-54,1,2025-12-08T10:05:00,0
STUBAND_007,ZONE_B,Laboratory,0,-63,1,2025-12-08T10:07:00,0
STUBAND_011,ZONE_B,Laboratory,0,-58,1,2025-12-08T10:19:00,0
STUBAND_012,ZONE_C,Library,1,-55,1,2025-12-08T10:21:00,0
STUBAND_005,ZONE_C,Library,0,-59,1,2025-12-08T10:23:00,0
STUBAND_005,ZONE_B,Laboratory,1,-61,1,2025-12-08T10:31:00,0
STUBAND_015,ZONE_C,Library,0,-73,1,2025-12-08T10:31:00,0
STUBAND_015,ZONE_B,Laboratory,1,-69,1,2025-12-08T10:37:00,0
STUBAND_004,ZONE_C,Library,0,-65,1,2025-12-08T10:54:00,0
STUBAND_001,ZONE_A,Lecture Hall,0,-57,1,2025-12-08T10:58:00,0
STUBAND_014,ZONE_B,Laboratory,0,-50,1,2025-12-08T11:14:00,0
STUBAND_004,ZONE_A,Lecture Hall,1,-58,1,2025-12-08T11:18:00,0
STUBAND_002,ZONE_A,Lecture Hall,0,-59,1,2025-12-08T11:20:00,0
STUBAND_001,ZONE_B,Laboratory,1,-66,1,2025-12-08T11:28:00,0
STUBAND_002,ZONE_B,Laboratory,1,-59,1,2025-12-08T11:34:00,0
STUBAND_012,ZONE_C,Library,0,-55,1,2025-12-08T11:41:00,0
STUBAND_014,ZONE_C,Library,1,-57,1,2025-12-08T11:43:00,0
STUBAND_015,ZONE_B,Laboratory,0,-69,1,2025-12-08T12:10:00,0
STUBAND_004,ZONE_A,Lecture Hall,0,-58,1,2025-12-08T12:17:00,0
STUBAND_015,ZONE_A,Lecture Hall,1,-58,1,2025-12-08T12:17:00,0
STUBAND_004,ZONE_B,Laboratory,1,-51,1,2025-12-08T12:27:00,0
STUBAND_006,ZONE_A,Lecture Hall,0,-59,1,2025-12-08T13:17:00,0
STUBAND_005,ZONE_B,Laboratory,0,-61,1,2025-12-08T13:22:00,0
STUBAND_010,ZONE_C,Library,0,-63,1,2025-12-08T13:23:00,0
STUBAND_006,ZONE_B,Laboratory,1,-61,1,2025-12-08T13:28:00,0
STUBAND_010,ZONE_B,Laboratory,1,-51,1,2025-12-08T13:33:00,0
STUBAND_006,ZONE_B,Laboratory,0,-61,1,2025-12-08T13:49:00,0
STUBAND_002,ZONE_B,Laboratory,0,-59,1,2025-12-08T14:03:00,0
STUBAND_002,ZONE_C,Library,1,-71,1,2025-12-08T14:14:00,0
STUBAND_001,ZONE_B,Laboratory,0,-66,1,2025-12-08T14:18:00,0
STUBAND_014,ZONE_C,Library,0,-57,1,2025-12-08T14:27:00,0
STUBAND_003,ZONE_D,Restricted Area,0,-54,1,2025-12-08T14:32:00,0
STUBAND_015,ZONE_A,Lecture Hall,0,-58,1,2025-12-08T14:46:00,0
STUBAND_014,ZONE_A,Lecture Hall,1,-50,1,2025-12-08T14:52:00,0
STUBAND_003,ZONE_A,Lecture Hall,1,-48,1,2025-12-08T14:55:00,0
STUBAND_010,ZONE_B,Laboratory,0,-51,1,2025-12-08T15:25:00,0
STUBAND_002,ZONE_C,Library,0,-71,1,2025-12-08T15:31:00,0
STUBAND_002,ZONE_D,Restricted Area,1,-54,1,2025-12-08T15:39:00,0
STUBAND_004,ZONE_B,Laboratory,0,-51,1,2025-12-08T16:57:00,0
STUBAND_002,ZONE_D,Restricted Area,0,-54,1,2025-12-08T17:33:00,0
STUBAND_014,ZONE_A,Lecture Hall,0,-50,1,2025-12-08T17:52:00,0
STUBAND_003,ZONE_A,Lecture Hall,0,-48,1,2025-12-08T20:49:00,0
STUBAND_003,ZONE_C,Library,1,-75,1,2025-12-08T21:14:00,0
STUBAND_003,ZONE_C,Library,0,-75,1,2025-12-08T23:49:00,0
STUBAND_012,ZONE_B,Laboratory,1,-66,1,2025-12-09T08:00:00,0
STUBAND_011,ZONE_C,Library,1,-64,1,2025-12-09T08:02:00,0
STUBAND_006,ZONE_C,Library,1,-56,1,2025-12-09T08:04:00,0
STUBAND_009,ZONE_B,Laboratory,1,-62,1,2025-12-09T08:04:00,0
STUBAND_005,ZONE_C,Library,1,-69,1,2025-12-09T08:05:00,0
STUBAND_008,ZONE_B,Laboratory,1,-53,1,2025-12-09T08:07:00,0
STUBAND_003,ZONE_A,Lecture Hall,1,-52,1,2025-12-09T08:09:00,0
STUBAND_004,ZONE_C,Library,1,-55,1,2025-12-09T08:12:00,0
STUBAND_001,ZONE_A,Lecture Hall,1,-45,1,2025-12-09T08:19:00,0
STUBAND_013,ZONE_A,Lecture Hall,1,-53,1,2025-12-09T08:19:00,0
STUBAND_014,ZONE_A,Lecture Hall,1,-45,1,2025-12-09T08:27:00,0
STUBAND_010,ZONE_C,Library,1,-59,1,2025-12-09T08:28:00,0
STUBAND_002,ZONE_C,Library,1,-66,1,2025-12-09T08:29:00,0
STUBAND_001,ZONE_A,Lecture Hall,0,-45,1,2025-12-09T08:54:00,0
STUBAND_004,ZONE_C,Library,0,-55,1,2025-12-09T09:04:00,0
STUBAND_006,ZONE_C,Library,0,-56,1,2025-12-09T09:05:00,0
STUBAND_001,ZONE_B,Laboratory,1,-67,1,2025-12-09T09:13:00,0
STUBAND_011,ZONE_C,Library,0,-64,1,2025-12-09T09:43:00,0
STUBAND_011,ZONE_A,Lecture Hall,1,-50,1,2025-12-09T09:51:00,0
STUBAND_013,ZONE_A,Lecture Hall,0,-53,1,2025-12-09T09:53:00,0
STUBAND_013,ZONE_C,Library,1,-75,1,2025-12-09T10:11:00,0
STUBAND_002,ZONE_C,Library,0,-66,1,2025-12-09T10:15:00,0
STUBAND_008,ZONE_B,Laboratory,0,-53,1,2025-12-09T10:27:00,0
STUBAND_005,ZONE_C,Library,0,-69,1,2025-12-09T10:29:00,0
STUBAND_008,ZONE_C,Library,1,-57,1,2025-12-09T10:38:00,0
STUBAND_010,ZONE_C,Library,0,-59,1,2025-12-09T10:39:00,0
STUBAND_005,ZONE_A,Lecture Hall,1,-53,1,2025-12-09T10:40:00,0
STUBAND_002,ZONE_B,Laboratory,1,-51,1,2025-12-09T10:41:00,0
STUBAND_010,ZONE_B,Laboratory,1,-63,1,2025-12-09T10:46:00,0
STUBAND_011,ZONE_A,Lecture Hall,0,-50,1,2025-12-09T10:46:00,0
STUBAND_011,ZONE_B,Laboratory,1,-61,1,2025-12-09T10:52:00,0
STUBAND_012,ZONE_B,Laboratory,0,-66,1,2025-12-09T10:55:00,0
STUBAND_001,ZONE_B,Laboratory,0,-67,1,2025-12-09T11:00:00,0
STUBAND_003,ZONE_A,Lecture Hall,0,-52,1,2025-12-09T11:03:00,0
STUBAND_003,ZONE_C,Library,1,-65,1,2025-12-09T11:12:00,0
STUBAND_012,ZONE_A,Lecture Hall,1,-47,1,2025-12-09T11:16:00,0
STUBAND_001,ZONE_D,Restricted Area,1,-63,1,2025-12-09T11:27:00,0
STUBAND_013,ZONE_C,Library,0,-75,1,2025-12-09T11:32:00,0
STUBAND_005,ZONE_A,Lecture Hall,0,-53,1,2025-12-09T11:39:00,0
STUBAND_005,ZONE_B,Laboratory,1,-61,1,2025-12-09T11:46:00,0
STUBAND_013,ZONE_B,Laboratory,1,-57,1,2025-12-09T11:55:00,0
STUBAND_003,ZONE_C,Library,0,-65,1,2025-12-09T12:08:00,0
STUBAND_003,ZONE_B,Laboratory,1,-61,1,2025-12-09T12:24:00,0
STUBAND_001,ZONE_D,Restricted Area,0,-63,1,2025-12-09T12:31:00,0
STUBAND_005,ZONE_B,Laboratory,0,-61,1,2025-12-09T12:31:00,0
STUBAND_010,ZONE_B,Laboratory,0,-63,1,2025-12-09T12:35:00,0
STUBAND_013,ZONE_B,Laboratory,0,-57,1,2025-12-09T12:36:00,0
STUBAND_001,ZONE_C,Library,1,-68,1,2025-12-09T12:37:00,0
STUBAND_012,ZONE_A,Lecture Hall,0,-47,1,2025-12-09T12:49:00,0
STUBAND_008,ZONE_C,Library,0,-57,1,2025-12-09T12:56:00,0
STUBAND_012,ZONE_C,Library,1,-66,1,2025-12-09T13:01:00,0
STUBAND_011,ZONE_B,Laboratory,0,-61,1,2025-12-09T13:12:00,0
STUBAND_008,ZONE_A,Lecture Hall,1,-51,1,2025-12-09T13:25:00,0
STUBAND_009,ZONE_B,Laboratory,0,-62,1,2025-12-09T13:25:00,0
STUBAND_014,ZONE_A,Lecture Hall,0,-45,1,2025-12-09T13:36:00,0
STUBAND_009,ZONE_C,Library,1,-58,1,2025-12-09T13:41:00,0
STUBAND_014,ZONE_B,Laboratory,1,-62,1,2025-12-09T13:52:00,0
STUBAND_012,ZONE_C,Library,0,-66,1,2025-12-09T14:22:00,0
STUBAND_003,ZONE_B,Laboratory,0,-61,1,2025-12-09T14:24:00,0
STUBAND_001,ZONE_C,Library,0,-68,1,2025-12-09T14:49:00,0
STUBAND_014,ZONE_B,Laboratory,0,-62,1,2025-12-09T15:43:00,0
STUBAND_008,ZONE_A,Lecture Hall,0,-51,1,2025-12-09T15:53:00,0
STUBAND_009,ZONE_C,Library,0,-58,1,2025-12-09T16:13:00,0
STUBAND_002,ZONE_B,Laboratory,0,-51,1,2025-12-09T16:21:00,0
STUBAND_001,ZONE_A,Lecture Hall,1,-49,1,2025-12-10T08:01:00,0
STUBAND_003,ZONE_C,Library,1,-64,1,2025-12-10T08:03:00,0
STUBAND_005,ZONE_C,Library,1,-74,1,2025-12-10T08:05:00,0
STUBAND_008,ZONE_A,Lecture Hall,1,-51,1,2025-12-10T08:06:00,0
STUBAND_015,ZONE_C,Library,1,-64,1,2025-12-10T08:10:00,0
STUBAND_012,ZONE_C,Library,1,-59,1,2025-12-10T08:13:00,0
STUBAND_002,ZONE_C,Library,1,-63,1,2025-12-10T08:16:00,0
STUBAND_013,ZONE_C,Library,1,-55,1,2025-12-10T08:16:00,0
STUBAND_010,ZONE_C,Library,1,-60,1,2025-12-10T08:22:00,0
STUBAND_004,ZONE_B,Laboratory,1,-68,1,2025-12-10T08:25:00,0
STUBAND_009,ZONE_C,Library,1,-64,1,2025-12-10T08:25:00,0
STUBAND_014,ZONE_C,Library,1,-66,1,2025-12-10T08:28:00,0
STUBAND_006,ZONE_C,Library,1,-75,1,2025-12-10T08:30:00,0
STUBAND_007,ZONE_A,Lecture Hall,1,-49,1,2025-12-10T08:30:00,0
STUBAND_012,ZONE_C,Library,0,-59,1,2025-12-10T08:47:00,0
STUBAND_012,ZONE_A,Lecture Hall,1,-56,1,2025-12-10T08:55:00,0
STUBAND_015,ZONE_C,Library,0,-64,1,2025-12-10T09:03:00,0
STUBAND_001,ZONE_A,Lecture Hall,0,-49,1,2025-12-10T09:05:00,0
STUBAND_007,ZONE_A,Lecture Hall,0,-49,1,2025-12-10T09:09:00,0
STUBAND_009,ZONE_C,Library,0,-64,1,2025-12-10T09:16:00,0
STUBAND_009,ZONE_B,Laboratory,1,-66,1,2025-12-10T09:27:00,0
STUBAND_004,ZONE_B,Laboratory,0,-68,1,2025-12-10T09:31:00,0
STUBAND_007,ZONE_C,Library,1,-71,1,2025-12-10T09:32:00,0
STUBAND_001,ZONE_C,Library,1,-61,1,2025-12-10T09:34:00,0
STUBAND_004,ZONE_C,Library,1,-66,1,2025-12-10T09:53:00,0
STUBAND_005,ZONE_C,Library,0,-74,1,2025-12-10T09:55:00,0
STUBAND_012,ZONE_A,Lecture Hall,0,-56,1,2025-12-10T09:56:00,0
STUBAND_003,ZONE_C,Library,0,-64,1,2025-12-10T10:05:00,0
STUBAND_012,ZONE_B,Laboratory,1,-54,1,2025-12-10T10:11:00,0
STUBAND_005,ZONE_B,Laboratory,1,-57,1,2025-12-10T10:19:00,0
STUBAND_010,ZONE_C,Library,0,-60,1,2025-12-10T10:26:00,0
STUBAND_008,ZONE_A,Lecture Hall,0,-51,1,2025-12-10T10:31:00,0
STUBAND_014,ZONE_C,Library,0,-66,1,2025-12-10T10:31:00,0
STUBAND_003,ZONE_B,Laboratory,1,-56,1,2025-12-10T10:33:00,0
STUBAND_004,ZONE_C,Library,0,-66,1,2025-12-10T10:33:00,0
STUBAND_008,ZONE_B,Laboratory,1,-67,1,2025-12-10T10:42:00,0
STUBAND_014,ZONE_A,Lecture Hall,1,-46,1,2025-12-10T10:45:00,0
STUBAND_010,ZONE_B,Laboratory,1,-68,1,2025-12-10T10:49:00,0
STUBAND_012,ZONE_B,Laboratory,0,-54,1,2025-12-10T10:51:00,0
STUBAND_005,ZONE_B,Laboratory,0,-57,1,2025-12-10T10:53:00,0
STUBAND_002,ZONE_C,Library,0,-63,1,2025-12-10T10:55:00,0
STUBAND_013,ZONE_C,Library,0,-55,1,2025-12-10T11:04:00,0
STUBAND_013,ZONE_A,Lecture Hall,1,-55,1,2025-12-10T11:13:00,0
STUBAND_002,ZONE_B,Laboratory,1,-62,1,2025-12-10T11:15:00,0
STUBAND_008,ZONE_B,Laboratory,0,-67,1,2025-12-10T11:20:00,0
STUBAND_006,ZONE_C,Library,0,-75,1,2025-12-10T11:25:00,0
STUBAND_007,ZONE_C,Library,0,-71,1,2025-12-10T11:33:00,0
STUBAND_008,ZONE_C,Library,1,-70,1,2025-12-10T11:39:00,0
STUBAND_007,ZONE_B,Laboratory,1,-67,1,2025-12-10T11:48:00,0
STUBAND_006,ZONE_A,Lecture Hall,1,-58,1,2025-12-10T11:51:00,0
STUBAND_009,ZONE_B,Laboratory,0,-66,1,2025-12-10T11:53:00,0
STUBAND_001,ZONE_C,Library,0,-61,1,2025-12-10T11:56:00,0
STUBAND_009,ZONE_A,Lecture Hall,1,-49,1,2025-12-10T11:58:00,0
STUBAND_001,ZONE_B,Laboratory,1,-65,1,2025-12-10T12:21:00,0
STUBAND_010,ZONE_B,Laboratory,0,-68,1,2025-12-10T12:30:00,0
STUBAND_003,ZONE_B,Laboratory,0,-56,1,2025-12-10T12:31:00,0
STUBAND_001,ZONE_B,Laboratory,0,-65,1,2025-12-10T12:57:00,0
STUBAND_001,ZONE_D,Restricted Area,1,-51,1,2025-12-10T13:24:00,0
STUBAND_006,ZONE_A,Lecture Hall,0,-58,1,2025-12-10T13:44:00,0
STUBAND_008,ZONE_C,Library,0,-70,1,2025-12-10T13:52:00,0
STUBAND_009,ZONE_A,Lecture Hall,0,-49,1,2025-12-10T13:52:00,0
STUBAND_013,ZONE_A,Lecture Hall,0,-55,1,2025-12-10T14:07:00,0
STUBAND_013,ZONE_B,Laboratory,1,-52,1,2025-12-10T14:22:00,0
STUBAND_014,ZONE_A,Lecture Hall,0,-46,1,2025-12-10T15:12:00,0
STUBAND_014,ZONE_B,Laboratory,1,-56,1,2025-12-10T15:22:00,0
STUBAND_007,ZONE_B,Laboratory,0,-67,1,2025-12-10T16:31:00,0
STUBAND_002,ZONE_B,Laboratory,0,-62,1,2025-12-10T16:57:00,0
STUBAND_014,ZONE_B,Laboratory,0,-56,1,2025-12-10T17:40:00,0
STUBAND_001,ZONE_D,Restricted Area,0,-51,1,2025-12-10T18:09:00,0
STUBAND_013,ZONE_B,Laboratory,0,-52,1,2025-12-10T18:45:00,0
STUBAND_013,ZONE_D,Restricted Area,1,-64,0,2025-12-10T18:52:00,1
STUBAND_013,ZONE_D,Restricted Area,0,-64,0,2025-12-10T20:19:00,1
STUBAND_005,ZONE_C,Library,1,-63,1,2025-12-11T08:03:00,0
STUBAND_008,ZONE_B,Laboratory,1,-54,1,2025-12-11T08:05:00,0
STUBAND_013,ZONE_C,Library,1,-58,1,2025-12-11T08:06:00,0
STUBAND_002,ZONE_C,Library,1,-71,1,2025-12-11T08:07:00,0
STUBAND_011,ZONE_B,Laboratory,1,-53,1,2025-12-11T08:09:00,0
STUBAND_006,ZONE_A,Lecture Hall,1,-51,1,2025-12-11T08:10:00,0
STUBAND_014,ZONE_A,Lecture Hall,1,-45,1,2025-12-11T08:10:00,0
STUBAND_004,ZONE_B,Laboratory,1,-59,1,2025-12-11T08:13:00,0
STUBAND_003,ZONE_C,Library,1,-61,1,2025-12-11T08:16:00,0
STUBAND_010,ZONE_C,Library,1,-60,1,2025-12-11T08:19:00,0
STUBAND_007,ZONE_C,Library,1,-72,1,2025-12-11T08:21:00,0
STUBAND_009,ZONE_C,Library,1,-58,1,2025-12-11T08:22:00,0
STUBAND_015,ZONE_C,Library,1,-55,1,2025-12-11T08:24:00,0
STUBAND_014,ZONE_A,Lecture Hall,0,-45,1,2025-12-11T09:05:00,0
STUBAND_014,ZONE_B,Laboratory,1,-53,1,2025-12-11T09:10:00,0
STUBAND_002,ZONE_C,Library,0,-71,1,2025-12-11T09:41:00,0
STUBAND_010,ZONE_C,Library,0,-60,1,2025-12-11T09:42:00,0
STUBAND_005,ZONE_C,Library,0,-63,1,2025-12-11T09:49:00,0
STUBAND_003,ZONE_C,Library,0,-61,1,2025-12-11T09:54:00,0
STUBAND_010,ZONE_B,Laboratory,1,-61,1,2025-12-11T09:55:00,0
STUBAND_002,ZONE_B,Laboratory,1,-51,1,2025-12-11T09:58:00,0
STUBAND_004,ZONE_B,Laboratory,0,-59,1,2025-12-11T10:06:00,0
STUBAND_011,ZONE_B,Laboratory,0,-53,1,2025-12-11T10:10:00,0
STUBAND_014,ZONE_B,Laboratory,0,-53,1,2025-12-11T10:10:00,0
STUBAND_005,ZONE_A,Lecture Hall,1,-54,1,2025-12-11T10:11:00,0
STUBAND_004,ZONE_A,Lecture Hall,1,-48,1,2025-12-11T10:12:00,0
STUBAND_003,ZONE_A,Lecture Hall,1,-60,1,2025-12-11T10:14:00,0
STUBAND_011,ZONE_C,Library,1,-71,1,2025-12-11T10:26:00,0
STUBAND_006,ZONE_A,Lecture Hall,0,-51,1,2025-12-11T10:39:00,0
STUBAND_009,ZONE_C,Library,0,-58,1,2025-12-11T10:44:00,0
STUBAND_013,ZONE_C,Library,0,-58,1,2025-12-11T10:49:00,0
STUBAND_002,ZONE_B,Laboratory,0,-51,1,2025-12-11T10:58:00,0
STUBAND_006,ZONE_C,Library,1,-58,1,2025-12-11T11:00:00,0
STUBAND_008,ZONE_B,Laboratory,0,-54,1,2025-12-11T11:03:00,0
STUBAND_009,ZONE_A,Lecture Hall,1,-48,1,2025-12-11T11:05:00,0
STUBAND_010,ZONE_B,Laboratory,0,-61,1,2025-12-11T11:08:00,0
STUBAND_007,ZONE_C,Library,0,-72,1,2025-12-11T11:10:00,0
STUBAND_013,ZONE_B,Laboratory,1,-51,1,2025-12-11T11:16:00,0
STUBAND_007,ZONE_B,Laboratory,1,-50,1,2025-12-11T11:24:00,0
STUBAND_008,ZONE_C,Library,1,-63,1,2025-12-11T11:32:00,0
STUBAND_011,ZONE_C,Library,0,-71,1,2025-12-11T11:59:00,0
STUBAND_009,ZONE_A,Lecture Hall,0,-48,1,2025-12-11T12:09:00,0
STUBAND_005,ZONE_A,Lecture Hall,0,-54,1,2025-12-11T12:13:00,0
STUBAND_003,ZONE_A,Lecture Hall,0,-60,1,2025-12-11T12:14:00,0
STUBAND_005,ZONE_B,Laboratory,1,-69,1,2025-12-11T12:34:00,0
STUBAND_003,ZONE_D,Restricted Area,1,-51,1,2025-12-11T12:35:00,0
STUBAND_013,ZONE_B,Laboratory,0,-51,1,2025-12-11T12:37:00,0
STUBAND_013,ZONE_A,Lecture Hall,1,-59,1,2025-12-11T12:49:00,0
STUBAND_008,ZONE_C,Library,0,-63,1,2025-12-11T12:54:00,0
STUBAND_008,ZONE_A,Lecture Hall,1,-57,1,2025-12-11T13:00:00,0
STUBAND_006,ZONE_C,Library,0,-58,1,2025-12-11T13:44:00,0
STUBAND_003,ZONE_D,Restricted Area,0,-51,1,2025-12-11T13:50:00,0
STUBAND_003,ZONE_B,Laboratory,1,-59,1,2025-12-11T14:13:00,0
STUBAND_015,ZONE_C,Library,0,-55,1,2025-12-11T14:22:00,0
STUBAND_015,ZONE_A,Lecture Hall,1,-53,1,2025-12-11T14:29:00,0
STUBAND_015,ZONE_A,Lecture Hall,0,-53,1,2025-12-11T14:58:00,0
STUBAND_008,ZONE_A,Lecture Hall,0,-57,1,2025-12-11T15:12:00,0
STUBAND_013,ZONE_A,Lecture Hall,0,-59,1,2025-12-11T15:24:00,0
STUBAND_004,ZONE_A,Lecture Hall,0,-48,1,2025-12-11T15:43:00,0
STUBAND_004,ZONE_C,Library,1,-64,1,2025-12-11T15:54:00,0
STUBAND_004,ZONE_C,Library,0,-64,1,2025-12-11T16:32:00,0
STUBAND_007,ZONE_B,Laboratory,0,-50,1,2025-12-11T16:44:00,0
STUBAND_005,ZONE_B,Laboratory,0,-69,1,2025-12-11T17:11:00,0
STUBAND_003,ZONE_B,Laboratory,0,-59,1,2025-12-11T19:09:00,0
STUBAND_006,ZONE_A,Lecture Hall,1,-57,1,2025-12-12T08:02:00,0
STUBAND_011,ZONE_A,Lecture Hall,1,-57,1,2025-12-12T08:02:00,0
STUBAND_012,ZONE_B,Laboratory,1,-63,1,2025-12-12T08:09:00,0
STUBAND_013,ZONE_B,Laboratory,1,-62,1,2025-12-12T08:09:00,0
STUBAND_005,ZONE_C,Library,1,-56,1,2025-12-12T08:11:00,0
STUBAND_007,ZONE_A,Lecture Hall,1,-59,1,2025-12-12T08:16:00,0
STUBAND_010,ZONE_C,Library,1,-68,1,2025-12-12T08:17:00,0
STUBAND_004,ZONE_C,Library,1,-57,1,2025-12-12T08:18:00,0
STUBAND_001,ZONE_A,Lecture Hall,1,-45,1,2025-12-12T08:25:00,0
STUBAND_014,ZONE_A,Lecture Hall,1,-50,1,2025-12-12T08:25:00,0
STUBAND_003,ZONE_B,Laboratory,1,-57,1,2025-12-12T08:26:00,0
STUBAND_009,ZONE_B,Laboratory,1,-53,1,2025-12-12T08:27:00,0
STUBAND_002,ZONE_C,Library,1,-71,1,2025-12-12T08:28:00,0
STUBAND_008,ZONE_A,Lecture Hall,1,-45,1,2025-12-12T08:29:00,0
STUBAND_005,ZONE_C,Library,0,-56,1,2025-12-12T09:05:00,0
STUBAND_003,ZONE_B,Laboratory,0,-57,1,2025-12-12T09:08:00,0
STUBAND_010,ZONE_C,Library,0,-68,1,2025-12-12T09:16:00,0
STUBAND_003,ZONE_A,Lecture Hall,1,-57,1,2025-12-12T09:25:00,0
STUBAND_005,ZONE_A,Lecture Hall,1,-49,1,2025-12-12T09:25:00,0
STUBAND_010,ZONE_B,Laboratory,1,-64,1,2025-12-12T09:29:00,0
STUBAND_007,ZONE_A,Lecture Hall,0,-59,1,2025-12-12T09:54:00,0
STUBAND_001,ZONE_A,Lecture Hall,0,-45,1,2025-12-12T09:59:00,0
STUBAND_001,ZONE_B,Laboratory,1,-70,1,2025-12-12T10:05:00,0
STUBAND_009,ZONE_B,Laboratory,0,-53,1,2025-12-12T10:16:00,0
STUBAND_011,ZONE_A,Lecture Hall,0,-57,1,2025-12-12T10:16:00,0
STUBAND_010,ZONE_B,Laboratory,0,-64,1,2025-12-12T10:17:00,0
STUBAND_003,ZONE_A,Lecture Hall,0,-57,1,2025-12-12T10:20:00,0
STUBAND_007,ZONE_B,Laboratory,1,-70,1,2025-12-12T10:22:00,0
STUBAND_009,ZONE_C,Library,1,-70,1,2025-12-12T10:24:00,0
STUBAND_014,ZONE_A,Lecture Hall,0,-50,1,2025-12-12T10:29:00,0
STUBAND_014,ZONE_B,Laboratory,1,-61,1,2025-12-12T10:38:00,0
STUBAND_003,ZONE_D,Restricted Area,1,-55,1,2025-12-12T10:40:00,0
STUBAND_011,ZONE_C,Library,1,-74,1,2025-12-12T10:40:00,0
STUBAND_007,ZONE_B,Laboratory,0,-70,1,2025-12-12T10:42:00,0
STUBAND_002,ZONE_C,Library,0,-71,1,2025-12-12T10:47:00,0
STUBAND_012,ZONE_B,Laboratory,0,-63,1,2025-12-12T10:56:00,0
STUBAND_002,ZONE_B,Laboratory,1,-64,1,2025-12-12T11:00:00,0
STUBAND_003,ZONE_D,Restricted Area,0,-55,1,2025-12-12T11:01:00,0
STUBAND_007,ZONE_C,Library,1,-69,1,2025-12-12T11:10:00,0
STUBAND_012,ZONE_C,Library,1,-57,1,2025-12-12T11:11:00,0
STUBAND_007,ZONE_C,Library,0,-69,1,2025-12-12T11:41:00,0
STUBAND_011,ZONE_C,Library,0,-74,1,2025-12-12T11:59:00,0
STUBAND_005,ZONE_A,Lecture Hall,0,-49,1,2025-12-12T12:05:00,0
STUBAND_009,ZONE_C,Library,0,-70,1,2025-12-12T12:24:00,0
STUBAND_005,ZONE_B,Laboratory,1,-53,1,2025-12-12T12:25:00,0
STUBAND_002,ZONE_B,Laboratory,0,-64,1,2025-12-12T12:44:00,0
STUBAND_009,ZONE_A,Lecture Hall,1,-56,1,2025-12-12T12:45:00,0
STUBAND_012,ZONE_C,Library,0,-57,1,2025-12-12T12:53:00,0
STUBAND_002,ZONE_D,Restricted Area,1,-51,1,2025-12-12T12:54:00,0
STUBAND_001,ZONE_B,Laboratory,0,-70,1,2025-12-12T12:59:00,0
STUBAND_014,ZONE_B,Laboratory,0,-61,1,2025-12-12T13:15:00,0
STUBAND_006,ZONE_A,Lecture Hall,0,-57,1,2025-12-12T13:32:00,0
STUBAND_014,ZONE_C,Library,1,-68,1,2025-12-12T13:35:00,0
STUBAND_005,ZONE_B,Laboratory,0,-53,1,2025-12-12T13:40:00,0
STUBAND_008,ZONE_A,Lecture Hall,0,-45,1,2025-12-12T13:41:00,0
STUBAND_013,ZONE_B,Laboratory,0,-62,1,2025-12-12T13:44:00,0
STUBAND_006,ZONE_C,Library,1,-69,1,2025-12-12T13:53:00,0
STUBAND_002,ZONE_D,Restricted Area,0,-51,1,2025-12-12T14:01:00,0
STUBAND_004,ZONE_C,Library,0,-57,1,2025-12-12T14:01:00,0
STUBAND_009,ZONE_A,Lecture Hall,0,-56,1,2025-12-12T14:02:00,0
STUBAND_004,ZONE_B,Laboratory,1,-63,1,2025-12-12T14:17:00,0
STUBAND_006,ZONE_C,Library,0,-69,1,2025-12-12T14:51:00,0
STUBAND_006,ZONE_B,Laboratory,1,-60,1,2025-12-12T15:01:00,0
STUBAND_014,ZONE_C,Library,0,-68,1,2025-12-12T15:11:00,0
STUBAND_006,ZONE_B,Laboratory,0,-60,1,2025-12-12T17:14:00,0
STUBAND_004,ZONE_B,Laboratory,0,-63,1,2025-12-12T18:52:00,0
STUBAND_015,ZONE_C,Library,1,-64,1,2025-12-13T08:02:00,0
STUBAND_012,ZONE_B,Laboratory,1,-54,1,2025-12-13T08:06:00,0
STUBAND_002,ZONE_B,Laboratory,1,-58,1,2025-12-13T08:08:00,0
STUBAND_006,ZONE_C,Library,1,-62,1,2025-12-13T08:10:00,0
STUBAND_004,ZONE_B,Laboratory,1,-63,1,2025-12-13T08:12:00,0
STUBAND_001,ZONE_D,Restricted Area,1,-49,1,2025-12-13T08:17:00,0
STUBAND_013,ZONE_A,Lecture Hall,1,-51,1,2025-12-13T08:17:00,0
STUBAND_008,ZONE_B,Laboratory,1,-53,1,2025-12-13T08:23:00,0
STUBAND_007,ZONE_C,Library,1,-55,1,2025-12-13T08:26:00,0
STUBAND_003,ZONE_D,Restricted Area,1,-55,1,2025-12-13T08:27:00,0
STUBAND_012,ZONE_B,Laboratory,0,-54,1,2025-12-13T08:41:00,0
STUBAND_003,ZONE_D,Restricted Area,0,-55,1,2025-12-13T08:50:00,0
STUBAND_003,ZONE_A,Lecture Hall,1,-54,1,2025-12-13T09:01:00,0
STUBAND_012,ZONE_A,Lecture Hall,1,-45,1,2025-12-13T09:05:00,0
STUBAND_012,ZONE_A,Lecture Hall,0,-45,1,2025-12-13T09:29:00,0
STUBAND_001,ZONE_D,Restricted Area,0,-49,1,2025-12-13T09:39:00,0
STUBAND_004,ZONE_B,Laboratory,0,-63,1,2025-12-13T09:44:00,0
STUBAND_003,ZONE_A,Lecture Hall,0,-54,1,2025-12-13T09:51:00,0
STUBAND_001,ZONE_B,Laboratory,1,-64,1,2025-12-13T09:52:00,0
STUBAND_004,ZONE_C,Library,1,-61,1,2025-12-13T10:01:00,0
STUBAND_007,ZONE_C,Library,0,-55,1,2025-12-13T10:12:00,0
STUBAND_015,ZONE_C,Library,0,-64,1,2025-12-13T10:19:00,0
STUBAND_001,ZONE_B,Laboratory,0,-64,1,2025-12-13T10:32:00,0
STUBAND_015,ZONE_B,Laboratory,1,-63,1,2025-12-13T10:42:00,0
STUBAND_008,ZONE_B,Laboratory,0,-53,1,2025-12-13T11:01:00,0
STUBAND_002,ZONE_B,Laboratory,0,-58,1,2025-12-13T11:02:00,0
STUBAND_002,ZONE_A,Lecture Hall,1,-58,1,2025-12-13T11:08:00,0
STUBAND_008,ZONE_A,Lecture Hall,1,-59,1,2025-12-13T11:26:00,0
STUBAND_004,ZONE_C,Library,0,-61,1,2025-12-13T11:52:00,0
STUBAND_015,ZONE_B,Laboratory,0,-63,1,2025-12-13T11:59:00,0
STUBAND_008,ZONE_A,Lecture Hall,0,-59,1,2025-12-13T12:05:00,0
STUBAND_004,ZONE_A,Lecture Hall,1,-52,1,2025-12-13T12:06:00,0
STUBAND_015,ZONE_A,Lecture Hall,1,-59,1,2025-12-13T12:13:00,0
STUBAND_006,ZONE_C,Library,0,-62,1,2025-12-13T12:58:00,0
STUBAND_006,ZONE_A,Lecture Hall,1,-56,1,2025-12-13T13:26:00,0
STUBAND_002,ZONE_A,Lecture Hall,0,-58,1,2025-12-13T13:58:00,0
STUBAND_013,ZONE_A,Lecture Hall,0,-51,1,2025-12-13T14:06:00,0
STUBAND_015,ZONE_A,Lecture Hall,0,-59,1,2025-12-13T14:10:00,0
STUBAND_013,ZONE_B,Laboratory,1,-65,1,2025-12-13T14:32:00,0
STUBAND_004,ZONE_A,Lecture Hall,0,-52,1,2025-12-13T14:33:00,0
STUBAND_013,ZONE_B,Laboratory,0,-65,1,2025-12-13T15:16:00,0
STUBAND_006,ZONE_A,Lecture Hall,0,-56,1,2025-12-13T18:56:00,0
STUBAND_006,ZONE_B,Laboratory,1,-52,1,2025-12-13T19:19:00,0
STUBAND_006,ZONE_B,Laboratory,0,-52,1,2025-12-13T20:54:00,0
STUBAND_005,ZONE_B,Laboratory,1,-67,1,2025-12-15T08:01:00,0
STUBAND_006,ZONE_A,Lecture Hall,1,-58,1,2025-12-15T08:02:00,0
STUBAND_009,ZONE_A,Lecture Hall,1,-45,1,2025-12-15T08:04:00,0
STUBAND_001,ZONE_A,Lecture Hall,1,-58,1,2025-12-15T08:05:00,0
STUBAND_014,ZONE_A,Lecture Hall,1,-47,1,2025-12-15T08:07:00,0
STUBAND_010,ZONE_A,Lecture Hall,1,-45,1,2025-12-15T08:08:00,0
STUBAND_008,ZONE_A,Lecture Hall,1,-58,1,2025-12-15T08:11:00,0
STUBAND_012,ZONE_D,Restricted Area,1,-62,0,2025-12-15T08:11:00,1
STUBAND_011,ZONE_B,Laboratory,1,-51,1,2025-12-15T08:13:00,0
STUBAND_007,ZONE_A,Lecture Hall,1,-49,1,2025-12-15T08:14:00,0
STUBAND_015,ZONE_C,Library,1,-73,1,2025-12-15T08:22:00,0
STUBAND_004,ZONE_A,Lecture Hall,1,-48,1,2025-12-15T08:24:00,0
STUBAND_002,ZONE_B,Laboratory,1,-52,1,2025-12-15T08:28:00,0
STUBAND_005,ZONE_B,Laboratory,0,-67,1,2025-12-15T08:40:00,0
STUBAND_014,ZONE_A,Lecture Hall,0,-47,1,2025-12-15T08:45:00,0
STUBAND_005,ZONE_C,Library,1,-56,1,2025-12-15T08:55:00,0
STUBAND_002,ZONE_B,Laboratory,0,-52,1,2025-12-15T08:59:00,0
STUBAND_007,ZONE_A,Lecture Hall,0,-49,1,2025-12-15T09:00:00,0
STUBAND_006,ZONE_A,Lecture Hall,0,-58,1,2025-12-15T09:01:00,0
STUBAND_014,ZONE_B,Laboratory,1,-51,1,2025-12-15T09:04:00,0
STUBAND_002,ZONE_C,Library,1,-67,1,2025-12-15T09:06:00,0
STUBAND_009,ZONE_A,Lecture Hall,0,-45,1,2025-12-15T09:06:00,0
STUBAND_007,ZONE_B,Laboratory,1,-68,1,2025-12-15T09:09:00,0
STUBAND_006,ZONE_B,Laboratory,1,-50,1,2025-12-15T09:18:00,0
STUBAND_010,ZONE_A,Lecture Hall,0,-45,1,2025-12-15T09:18:00,0
STUBAND_011,ZONE_B,Laboratory,0,-51,1,2025-12-15T09:24:00,0
STUBAND_010,ZONE_B,Laboratory,1,-67,1,2025-12-15T09:37:00,0
STUBAND_011,ZONE_C,Library,1,-65,1,2025-12-15T09:44:00,0
STUBAND_015,ZONE_C,Library,0,-73,1,2025-12-15T09:45:00,0
STUBAND_008,ZONE_A,Lecture Hall,0,-58,1,2025-12-15T09:54:00,0
STUBAND_010,ZONE_B,Laboratory,0,-67,1,2025-12-15T09:58:00,0
STUBAND_004,ZONE_A,Lecture Hall,0,-48,1,2025-12-15T10:00:00,0
STUBAND_004,ZONE_C,Library,1,-63,1,2025-12-15T10:10:00,0
STUBAND_008,ZONE_C,Library,1,-63,1,2025-12-15T10:11:00,0
STUBAND_015,ZONE_A,Lecture Hall,1,-49,1,2025-12-15T10:11:00,0
STUBAND_001,ZONE_A,Lecture Hall,0,-58,1,2025-12-15T10:16:00,0
STUBAND_001,ZONE_C,Library,1,-65,1,2025-12-15T10:41:00,0
STUBAND_012,ZONE_D,Restricted Area,0,-62,0,2025-12-15T10:50:00,1
STUBAND_012,ZONE_B,Laboratory,1,-53,1,2025-12-15T11:00:00,0
STUBAND_014,ZONE_B,Laboratory,0,-51,1,2025-12-15T11:06:00,0
STUBAND_006,ZONE_B,Laboratory,0,-50,1,2025-12-15T11:17:00,0
STUBAND_007,ZONE_B,Laboratory,0,-68,1,2025-12-15T11:23:00,0
STUBAND_001,ZONE_C,Library,0,-65,1,2025-12-15T11:25:00,0
STUBAND_011,ZONE_C,Library,0,-65,1,2025-12-15T11:45:00,0
STUBAND_005,ZONE_C,Library,0,-56,1,2025-12-15T11:47:00,0
STUBAND_002,ZONE_C,Library,0,-67,1,2025-12-15T11:50:00,0
STUBAND_011,ZONE_A,Lecture Hall,1,-51,1,2025-12-15T12:00:00,0
STUBAND_005,ZONE_A,Lecture Hall,1,-50,1,2025-12-15T12:04:00,0
STUBAND_004,ZONE_C,Library,0,-63,1,2025-12-15T12:48:00,0
STUBAND_008,ZONE_C,Library,0,-63,1,2025-12-15T12:54:00,0
STUBAND_015,ZONE_A,Lecture Hall,0,-49,1,2025-12-15T13:07:00,0
STUBAND_015,ZONE_B,Laboratory,1,-52,1,2025-12-15T13:13:00,0
STUBAND_011,ZONE_A,Lecture Hall,0,-51,1,2025-12-15T14:25:00,0
STUBAND_015,ZONE_B,Laboratory,0,-52,1,2025-12-15T15:15:00,0
STUBAND_012,ZONE_B,Laboratory,0,-53,1,2025-12-15T16:53:00,0
STUBAND_005,ZONE_A,Lecture Hall,0,-50,1,2025-12-15T16:58:00,0
STUBAND_012,ZONE_C,Library,1,-69,1,2025-12-15T17:12:00,0
STUBAND_012,ZONE_C,Library,0,-69,1,2025-12-15T18:46:00,0
STUBAND_003,ZONE_C,Library,1,-72,1,2025-12-16T08:01:00,0
STUBAND_001,ZONE_A,Lecture Hall,1,-53,1,2025-12-16T08:08:00,0
STUBAND_013,ZONE_A,Lecture Hall,1,-56,1,2025-12-16T08:08:00,0
STUBAND_007,ZONE_B,Laboratory,1,-67,1,2025-12-16T08:09:00,0
STUBAND_011,ZONE_A,Lecture Hall,1,-59,1,2025-12-16T08:09:00,0
STUBAND_014,ZONE_A,Lecture Hall,1,-52,1,2025-12-16T08:12:00,0
STUBAND_009,ZONE_C,Library,1,-75,1,2025-12-16T08:15:00,0
STUBAND_010,ZONE_C,Library,1,-58,1,2025-12-16T08:18:00,0
STUBAND_006,ZONE_C,Library,1,-57,1,2025-12-16T08:19:00,0
STUBAND_012,ZONE_C,Library,1,-71,1,2025-12-16T08:19:00,0
STUBAND_004,ZONE_A,Lecture Hall,1,-47,1,2025-12-16T08:20:00,0
STUBAND_005,ZONE_C,Library,1,-73,1,2025-12-16T08:25:00,0
STUBAND_008,ZONE_B,Laboratory,1,-56,1,2025-12-16T08:26:00,0
STUBAND_002,ZONE_A,Lecture Hall,1,-58,1,2025-12-16T08:29:00,0
STUBAND_015,ZONE_C,Library,1,-62,1,2025-12-16T08:30:00,0
STUBAND_013,ZONE_A,Lecture Hall,0,-56,1,2025-12-16T09:01:00,0
STUBAND_007,ZONE_B,Laboratory,0,-67,1,2025-12-16T09:05:00,0
STUBAND_013,ZONE_B,Laboratory,1,-63,1,2025-12-16T09:13:00,0
STUBAND_002,ZONE_A,Lecture Hall,0,-58,1,2025-12-16T09:25:00,0
STUBAND_007,ZONE_A,Lecture Hall,1,-56,1,2025-12-16T09:26:00,0
STUBAND_009,ZONE_C,Library,0,-75,1,2025-12-16T09:31:00,0
STUBAND_012,ZONE_C,Library,0,-71,1,2025-12-16T09:31:00,0
STUBAND_002,ZONE_B,Laboratory,1,-61,1,2025-12-16T09:41:00,0
STUBAND_009,ZONE_B,Laboratory,1,-69,1,2025-12-16T09:45:00,0
STUBAND_011,ZONE_A,Lecture Hall,0,-59,1,2025-12-16T09:58:00,0
STUBAND_012,ZONE_B,Laboratory,1,-53,1,2025-12-16T10:01:00,0
STUBAND_011,ZONE_C,Library,1,-61,1,2025-12-16T10:05:00,0
STUBAND_014,ZONE_A,Lecture Hall,0,-52,1,2025-12-16T10:06:00,0
STUBAND_006,ZONE_C,Library,0,-57,1,2025-12-16T10:09:00,0
STUBAND_010,ZONE_C,Library,0,-58,1,2025-12-16T10:11:00,0
STUBAND_008,ZONE_B,Laboratory,0,-56,1,2025-12-16T10:17:00,0
STUBAND_008,ZONE_A,Lecture Hall,1,-45,1,2025-12-16T10:22:00,0
STUBAND_014,ZONE_C,Library,1,-60,1,2025-12-16T10:25:00,0
STUBAND_006,ZONE_B,Laboratory,1,-51,1,2025-12-16T10:28:00,0
STUBAND_010,ZONE_A,Lecture Hall,1,-59,1,2025-12-16T10:33:00,0
STUBAND_001,ZONE_A,Lecture Hall,0,-53,1,2025-12-16T10:40:00,0
STUBAND_014,ZONE_C,Library,0,-60,1,2025-12-16T10:45:00,0
STUBAND_002,ZONE_B,Laboratory,0,-61,1,2025-12-16T10:53:00,0
STUBAND_011,ZONE_C,Library,0,-61,1,2025-12-16T10:55:00,0
STUBAND_015,ZONE_C,Library,0,-62,1,2025-12-16T10:56:00,0
STUBAND_001,ZONE_D,Restricted Area,1,-58,1,2025-12-16T11:02:00,0
STUBAND_005,ZONE_C,Library,0,-73,1,2025-12-16T11:02:00,0
STUBAND_015,ZONE_A,Lecture Hall,1,-50,1,2025-12-16T11:09:00,0
STUBAND_013,ZONE_B,Laboratory,0,-63,1,2025-12-16T11:13:00,0
STUBAND_002,ZONE_C,Library,1,-60,1,2025-12-16T11:14:00,0
STUBAND_004,ZONE_A,Lecture Hall,0,-47,1,2025-12-16T11:17:00,0
STUBAND_004,ZONE_B,Laboratory,1,-56,1,2025-12-16T11:28:00,0
STUBAND_013,ZONE_C,Library,1,-71,1,2025-12-16T11:33:00,0
STUBAND_007,ZONE_A,Lecture Hall,0,-56,1,2025-12-16T11:34:00,0
STUBAND_007,ZONE_C,Library,1,-60,1,2025-12-16T11:44:00,0
STUBAND_002,ZONE_C,Library,0,-60,1,2025-12-16T11:58:00,0
STUBAND_006,ZONE_B,Laboratory,0,-51,1,2025-12-16T12:04:00,0
STUBAND_008,ZONE_A,Lecture Hall,0,-45,1,2025-12-16T12:20:00,0
STUBAND_009,ZONE_B,Laboratory,0,-69,1,2025-12-16T12:22:00,0
STUBAND_012,ZONE_B,Laboratory,0,-53,1,2025-12-16T12:38:00,0
STUBAND_010,ZONE_A,Lecture Hall,0,-59,1,2025-12-16T12:45:00,0
STUBAND_007,ZONE_C,Library,0,-60,1,2025-12-16T12:48:00,0
STUBAND_012,ZONE_A,Lecture Hall,1,-50,1,2025-12-16T12:48:00,0
STUBAND_015,ZONE_A,Lecture Hall,0,-50,1,2025-12-16T12:55:00,0
STUBAND_013,ZONE_C,Library,0,-71,1,2025-12-16T13:01:00,0
STUBAND_001,ZONE_D,Restricted Area,0,-58,1,2025-12-16T13:02:00,0
STUBAND_003,ZONE_C,Library,0,-72,1,2025-12-16T13:04:00,0
STUBAND_015,ZONE_B,Laboratory,1,-52,1,2025-12-16T13:17:00,0
STUBAND_001,ZONE_C,Library,1,-57,1,2025-12-16T13:21:00,0
STUBAND_004,ZONE_B,Laboratory,0,-56,1,2025-12-16T13:27:00,0
STUBAND_003,ZONE_A,Lecture Hall,1,-57,1,2025-12-16T13:29:00,0
STUBAND_001,ZONE_C,Library,0,-57,1,2025-12-16T14:19:00,0
STUBAND_012,ZONE_A,Lecture Hall,0,-50,1,2025-12-16T14:22:00,0
STUBAND_003,ZONE_A,Lecture Hall,0,-57,1,2025-12-16T14:31:00,0
STUBAND_003,ZONE_B,Laboratory,1,-63,1,2025-12-16T14:59:00,0
STUBAND_015,ZONE_B,Laboratory,0,-52,1,2025-12-16T15:41:00,0
STUBAND_003,ZONE_B,Laboratory,0,-63,1,2025-12-16T17:40:00,0
STUBAND_010,ZONE_A,Lecture Hall,1,-54,1,2025-12-17T08:02:00,0
STUBAND_004,ZONE_B,Laboratory,1,-58,1,2025-12-17T08:07:00,0
STUBAND_011,ZONE_A,Lecture Hall,1,-55,1,2025-12-17T08:09:00,0
STUBAND_015,ZONE_A,Lecture Hall,1,-48,1,2025-12-17T08:11:00,0
STUBAND_013,ZONE_A,Lecture Hall,1,-49,1,2025-12-17T08:16:00,0
STUBAND_005,ZONE_A,Lecture Hall,1,-60,1,2025-12-17T08:18:00,0
STUBAND_007,ZONE_B,Laboratory,1,-51,1,2025-12-17T08:19:00,0
STUBAND_008,ZONE_B,Laboratory,1,-69,1,2025-12-17T08:20:00,0
STUBAND_003,ZONE_B,Laboratory,1,-67,1,2025-12-17T08:22:00,0
STUBAND_012,ZONE_C,Library,1,-67,1,2025-12-17T08:23:00,0
STUBAND_001,ZONE_A,Lecture Hall,1,-46,1,2025-12-17T08:25:00,0
STUBAND_002,ZONE_C,Library,1,-67,1,2025-12-17T08:27:00,0
STUBAND_006,ZONE_A,Lecture Hall,1,-57,1,2025-12-17T08:28:00,0
STUBAND_009,ZONE_B,Laboratory,1,-68,1,2025-12-17T08:30:00,0
STUBAND_004,ZONE_B,Laboratory,0,-58,1,2025-12-17T08:53:00,0
STUBAND_004,ZONE_A,Lecture Hall,1,-51,1,2025-12-17T09:01:00,0
STUBAND_010,ZONE_A,Lecture Hall,0,-54,1,2025-12-17T09:01:00,0
STUBAND_011,ZONE_A,Lecture Hall,0,-55,1,2025-12-17T09:04:00,0
STUBAND_012,ZONE_C,Library,0,-67,1,2025-12-17T09:13:00,0
STUBAND_015,ZONE_A,Lecture Hall,0,-48,1,2025-12-17T09:16:00,0
STUBAND_005,ZONE_A,Lecture Hall,0,-60,1,2025-12-17T09:20:00,0
STUBAND_015,ZONE_B,Laboratory,1,-53,1,2025-12-17T09:22:00,0
STUBAND_010,ZONE_C,Library,1,-65,1,2025-12-17T09:23:00,0
STUBAND_011,ZONE_B,Laboratory,1,-70,1,2025-12-17T09:31:00,0
STUBAND_005,ZONE_C,Library,1,-64,1,2025-12-17T09:39:00,0
STUBAND_008,ZONE_B,Laboratory,0,-69,1,2025-12-17T09:41:00,0
STUBAND_012,ZONE_A,Lecture Hall,1,-60,1,2025-12-17T09:42:00,0
STUBAND_007,ZONE_B,Laboratory,0,-51,1,2025-12-17T09:51:00,0
STUBAND_004,ZONE_A,Lecture Hall,0,-51,1,2025-12-17T09:55:00,0
STUBAND_010,ZONE_C,Library,0,-65,1,2025-12-17T09:59:00,0
STUBAND_008,ZONE_C,Library,1,-63,1,2025-12-17T10:01:00,0
STUBAND_010,ZONE_B,Laboratory,1,-57,1,2025-12-17T10:13:00,0
STUBAND_002,ZONE_C,Library,0,-67,1,2025-12-17T10:19:00,0
STUBAND_007,ZONE_C,Library,1,-75,1,2025-12-17T10:20:00,0
STUBAND_006,ZONE_A,Lecture Hall,0,-57,1,2025-12-17T10:26:00,0
STUBAND_002,ZONE_A,Lecture Hall,1,-58,1,2025-12-17T10:32:00,0
STUBAND_006,ZONE_C,Library,1,-62,1,2025-12-17T10:42:00,0
STUBAND_011,ZONE_B,Laboratory,0,-70,1,2025-12-17T11:19:00,0
STUBAND_015,ZONE_B,Laboratory,0,-53,1,2025-12-17T11:29:00,0
STUBAND_002,ZONE_A,Lecture Hall,0,-58,1,2025-12-17T11:34:00,0
STUBAND_010,ZONE_B,Laboratory,0,-57,1,2025-12-17T11:34:00,0
STUBAND_006,ZONE_C,Library,0,-62,1,2025-12-17T11:37:00,0
STUBAND_012,ZONE_A,Lecture Hall,0,-60,1,2025-12-17T11:51:00,0
STUBAND_007,ZONE_C,Library,0,-75,1,2025-12-17T11:57:00,0
STUBAND_008,ZONE_C,Library,0,-63,1,2025-12-17T12:28:00,0
STUBAND_005,ZONE_C,Library,0,-64,1,2025-12-17T12:39:00,0
STUBAND_008,ZONE_A,Lecture Hall,1,-60,1,2025-12-17T12:53:00,0
STUBAND_001,ZONE_A,Lecture Hall,0,-46,1,2025-12-17T13:05:00,0
STUBAND_009,ZONE_B,Laboratory,0,-68,1,2025-12-17T13:17:00,0
STUBAND_009,ZONE_A,Lecture Hall,1,-59,1,2025-12-17T13:23:00,0
STUBAND_001,ZONE_C,Library,1,-61,1,2025-12-17T13:24:00,0
STUBAND_003,ZONE_B,Laboratory,0,-67,1,2025-12-17T13:43:00,0
STUBAND_013,ZONE_A,Lecture Hall,0,-49,1,2025-12-17T13:48:00,0
STUBAND_003,ZONE_D,Restricted Area,1,-61,1,2025-12-17T13:50:00,0
STUBAND_013,ZONE_B,Laboratory,1,-59,1,2025-12-17T13:58:00,0
STUBAND_008,ZONE_A,Lecture Hall,0,-60,1,2025-12-17T14:34:00,0
STUBAND_013,ZONE_B,Laboratory,0,-59,1,2025-12-17T14:44:00,0
STUBAND_013,ZONE_C,Library,1,-72,1,2025-12-17T15:07:00,0
STUBAND_009,ZONE_A,Lecture Hall,0,-59,1,2025-12-17T15:24:00,0
STUBAND_009,ZONE_C,Library,1,-66,1,2025-12-17T15:45:00,0
STUBAND_003,ZONE_D,Restricted Area,0,-61,1,2025-12-17T16:22:00,0
STUBAND_003,ZONE_A,Lecture Hall,1,-46,1,2025-12-17T16:48:00,0
STUBAND_013,ZONE_C,Library,0,-72,1,2025-12-17T17:37:00,0
STUBAND_009,ZONE_C,Library,0,-66,1,2025-12-17T18:13:00,0
STUBAND_001,ZONE_C,Library,0,-61,1,2025-12-17T18:38:00,0
STUBAND_003,ZONE_A,Lecture Hall,0,-46,1,2025-12-17T22:37:00,0
STUBAND_002,ZONE_A,Lecture Hall,1,-49,1,2025-12-18T08:00:00,0
STUBAND_003,ZONE_B,Laboratory,1,-63,1,2025-12-18T08:00:00,0
STUBAND_009,ZONE_A,Lecture Hall,1,-53,1,2025-12-18T08:01:00,0
STUBAND_014,ZONE_C,Library,1,-68,1,2025-12-18T08:03:00,0
STUBAND_006,ZONE_B,Laboratory,1,-56,1,2025-12-18T08:05:00,0
STUBAND_010,ZONE_A,Lecture Hall,1,-46,1,2025-12-18T08:06:00,0
STUBAND_011,ZONE_B,Laboratory,1,-58,1,2025-12-18T08:13:00,0
STUBAND_013,ZONE_A,Lecture Hall,1,-45,1,2025-12-18T08:17:00,0
STUBAND_001,ZONE_C,Library,1,-64,1,2025-12-18T08:18:00,0
STUBAND_012,ZONE_B,Laboratory,1,-61,1,2025-12-18T08:20:00,0
STUBAND_005,ZONE_A,Lecture Hall,1,-52,1,2025-12-18T08:21:00,0
STUBAND_003,ZONE_B,Laboratory,0,-63,1,2025-12-18T08:22:00,0
STUBAND_007,ZONE_A,Lecture Hall,1,-51,1,2025-12-18T08:25:00,0
STUBAND_008,ZONE_C,Library,1,-70,1,2025-12-18T08:26:00,0
STUBAND_004,ZONE_A,Lecture Hall,1,-47,1,2025-12-18T08:28:00,0
STUBAND_015,ZONE_C,Library,1,-57,1,2025-12-18T08:30:00,0
STUBAND_003,ZONE_A,Lecture Hall,1,-60,1,2025-12-18T08:37:00,0
STUBAND_010,ZONE_A,Lecture Hall,0,-46,1,2025-12-18T08:49:00,0
STUBAND_001,ZONE_C,Library,0,-64,1,2025-12-18T08:51:00,0
STUBAND_001,ZONE_B,Laboratory,1,-63,1,2025-12-18T09:01:00,0
STUBAND_014,ZONE_C,Library,0,-68,1,2025-12-18T09:31:00,0
STUBAND_001,ZONE_B,Laboratory,0,-63,1,2025-12-18T09:32:00,0
STUBAND_001,ZONE_A,Lecture Hall,1,-58,1,2025-12-18T09:49:00,0
STUBAND_014,ZONE_A,Lecture Hall,1,-53,1,2025-12-18T09:53:00,0
STUBAND_009,ZONE_A,Lecture Hall,0,-53,1,2025-12-18T10:03:00,0
STUBAND_006,ZONE_B,Laboratory,0,-56,1,2025-12-18T10:09:00,0
STUBAND_011,ZONE_B,Laboratory,0,-58,1,2025-12-18T10:10:00,0
STUBAND_006,ZONE_A,Lecture Hall,1,-49,1,2025-12-18T10:17:00,0
STUBAND_005,ZONE_A,Lecture Hall,0,-52,1,2025-12-18T10:21:00,0
STUBAND_004,ZONE_A,Lecture Hall,0,-47,1,2025-12-18T10:23:00,0
STUBAND_003,ZONE_A,Lecture Hall,0,-60,1,2025-12-18T10:33:00,0
STUBAND_011,ZONE_C,Library,1,-62,1,2025-12-18T10:36:00,0
STUBAND_002,ZONE_A,Lecture Hall,0,-49,1,2025-12-18T10:44:00,0
STUBAND_005,ZONE_C,Library,1,-65,1,2025-12-18T10:48:00,0
STUBAND_012,ZONE_B,Laboratory,0,-61,1,2025-12-18T11:00:00,0
STUBAND_003,ZONE_C,Library,1,-66,1,2025-12-18T11:01:00,0
STUBAND_013,ZONE_A,Lecture Hall,0,-45,1,2025-12-18T11:01:00,0
STUBAND_002,ZONE_C,Library,1,-66,1,2025-12-18T11:14:00,0
STUBAND_015,ZONE_C,Library,0,-57,1,2025-12-18T11:14:00,0
STUBAND_007,ZONE_A,Lecture Hall,0,-51,1,2025-12-18T11:19:00,0
STUBAND_012,ZONE_A,Lecture Hall,1,-59,1,2025-12-18T11:20:00,0
STUBAND_001,ZONE_A,Lecture Hall,0,-58,1,2025-12-18T11:21:00,0
STUBAND_013,ZONE_B,Laboratory,1,-60,1,2025-12-18T11:22:00,0
STUBAND_007,ZONE_C,Library,1,-65,1,2025-12-18T11:25:00,0
STUBAND_015,ZONE_A,Lecture Hall,1,-55,1,2025-12-18T11:25:00,0
STUBAND_006,ZONE_A,Lecture Hall,0,-49,1,2025-12-18T11:30:00,0
STUBAND_011,ZONE_C,Library,0,-62,1,2025-12-18T11:50:00,0
STUBAND_014,ZONE_A,Lecture Hall,0,-53,1,2025-12-18T11:52:00,0
STUBAND_014,ZONE_B,Laboratory,1,-65,1,2025-12-18T12:08:00,0
STUBAND_015,ZONE_A,Lecture Hall,0,-55,1,2025-12-18T12:08:00,0
STUBAND_015,ZONE_B,Laboratory,1,-63,1,2025-12-18T12:14:00,0
STUBAND_005,ZONE_C,Library,0,-65,1,2025-12-18T12:17:00,0
STUBAND_013,ZONE_B,Laboratory,0,-60,1,2025-12-18T12:28:00,0
STUBAND_005,ZONE_B,Laboratory,1,-68,1,2025-12-18T12:29:00,0
STUBAND_013,ZONE_C,Library,1,-65,1,2025-12-18T12:33:00,0
STUBAND_002,ZONE_C,Library,0,-66,1,2025-12-18T12:36:00,0
STUBAND_015,ZONE_B,Laboratory,0,-63,1,2025-12-18T12:39:00,0
STUBAND_007,ZONE_C,Library,0,-65,1,2025-12-18T12:48:00,0
STUBAND_002,ZONE_B,Laboratory,1,-59,1,2025-12-18T12:55:00,0
STUBAND_013,ZONE_C,Library,0,-65,1,2025-12-18T13:00:00,0
STUBAND_012,ZONE_A,Lecture Hall,0,-59,1,2025-12-18T13:18:00,0
STUBAND_005,ZONE_B,Laboratory,0,-68,1,2025-12-18T13:23:00,0
STUBAND_012,ZONE_C,Library,1,-62,1,2025-12-18T13:27:00,0
STUBAND_003,ZONE_C,Library,0,-66,1,2025-12-18T13:36:00,0
STUBAND_008,ZONE_C,Library,0,-70,1,2025-12-18T13:37:00,0
STUBAND_003,ZONE_D,Restricted Area,1,-52,1,2025-12-18T13:48:00,0
STUBAND_008,ZONE_B,Laboratory,1,-53,1,2025-12-18T13:56:00,0
STUBAND_003,ZONE_D,Restricted Area,0,-52,1,2025-12-18T14:23:00,0
STUBAND_014,ZONE_B,Laboratory,0,-65,1,2025-12-18T14:59:00,0
STUBAND_008,ZONE_B,Laboratory,0,-53,1,2025-12-18T15:19:00,0
STUBAND_002,ZONE_B,Laboratory,0,-59,1,2025-12-18T15:21:00,0
STUBAND_012,ZONE_C,Library,0,-62,1,2025-12-18T16:01:00,0
STUBAND_010,ZONE_A,Lecture Hall,1,-51,1,2025-12-19T08:05:00,0
STUBAND_002,ZONE_D,Restricted Area,1,-55,1,2025-12-19T08:09:00,0
STUBAND_011,ZONE_C,Library,1,-63,1,2025-12-19T08:11:00,0
STUBAND_009,ZONE_B,Laboratory,1,-52,1,2025-12-19T08:12:00,0
STUBAND_001,ZONE_B,Laboratory,1,-65,1,2025-12-19T08:22:00,0
STUBAND_003,ZONE_D,Restricted Area,1,-56,1,2025-12-19T08:23:00,0
STUBAND_006,ZONE_A,Lecture Hall,1,-60,1,2025-12-19T08:23:00,0
STUBAND_015,ZONE_A,Lecture Hall,1,-57,1,2025-12-19T08:24:00,0
STUBAND_007,ZONE_B,Laboratory,1,-69,1,2025-12-19T08:25:00,0
STUBAND_012,ZONE_C,Library,1,-62,1,2025-12-19T08:26:00,0
STUBAND_004,ZONE_B,Laboratory,1,-55,1,2025-12-19T08:29:00,0
STUBAND_014,ZONE_C,Library,1,-75,1,2025-12-19T08:29:00,0
STUBAND_008,ZONE_C,Library,1,-62,1,2025-12-19T08:30:00,0
STUBAND_013,ZONE_B,Laboratory,1,-65,1,2025-12-19T08:30:00,0
STUBAND_003,ZONE_D,Restricted Area,0,-56,1,2025-12-19T08:43:00,0
STUBAND_004,ZONE_B,Laboratory,0,-55,1,2025-12-19T09:08:00,0
STUBAND_002,ZONE_D,Restricted Area,0,-55,1,2025-12-19T09:09:00,0
STUBAND_003,ZONE_B,Laboratory,1,-52,1,2025-12-19T09:10:00,0
STUBAND_008,ZONE_C,Library,0,-62,1,2025-12-19T09:15:00,0
STUBAND_004,ZONE_C,Library,1,-64,1,2025-12-19T09:20:00,0
STUBAND_008,ZONE_A,Lecture Hall,1,-54,1,2025-12-19T09:30:00,0
STUBAND_002,ZONE_C,Library,1,-62,1,2025-12-19T09:37:00,0
STUBAND_013,ZONE_B,Laboratory,0,-65,1,2025-12-19T09:39:00,0
STUBAND_013,ZONE_A,Lecture Hall,1,-59,1,2025-12-19T09:48:00,0
STUBAND_001,ZONE_B,Laboratory,0,-65,1,2025-12-19T10:04:00,0
STUBAND_007,ZONE_B,Laboratory,0,-69,1,2025-12-19T10:06:00,0
STUBAND_001,ZONE_A,Lecture Hall,1,-60,1,2025-12-19T10:10:00,0
STUBAND_007,ZONE_A,Lecture Hall,1,-57,1,2025-12-19T10:19:00,0
STUBAND_004,ZONE_C,Library,0,-64,1,2025-12-19T10:22:00,0
STUBAND_011,ZONE_C,Library,0,-63,1,2025-12-19T10:25:00,0
STUBAND_010,ZONE_A,Lecture Hall,0,-51,1,2025-12-19T10:26:00,0
STUBAND_011,ZONE_A,Lecture Hall,1,-52,1,2025-12-19T10:31:00,0
STUBAND_009,ZONE_B,Laboratory,0,-52,1,2025-12-19T10:37:00,0
STUBAND_009,ZONE_A,Lecture Hall,1,-59,1,2025-12-19T10:46:00,0
STUBAND_004,ZONE_A,Lecture Hall,1,-58,1,2025-12-19T10:47:00,0
STUBAND_012,ZONE_C,Library,0,-62,1,2025-12-19T10:47:00,0
STUBAND_015,ZONE_A,Lecture Hall,0,-57,1,2025-12-19T11:01:00,0
STUBAND_001,ZONE_A,Lecture Hall,0,-60,1,2025-12-19T11:06:00,0
STUBAND_012,ZONE_A,Lecture Hall,1,-53,1,2025-12-19T11:10:00,0
STUBAND_015,ZONE_C,Library,1,-62,1,2025-12-19T11:17:00,0
STUBAND_014,ZONE_C,Library,0,-75,1,2025-12-19T11:28:00,0
STUBAND_008,ZONE_A,Lecture Hall,0,-54,1,2025-12-19T11:34:00,0
STUBAND_001,ZONE_D,Restricted Area,1,-62,1,2025-12-19T11:35:00,0
STUBAND_012,ZONE_A,Lecture Hall,0,-53,1,2025-12-19T11:50:00,0
STUBAND_014,ZONE_B,Laboratory,1,-54,1,2025-12-19T11:51:00,0
STUBAND_003,ZONE_B,Laboratory,0,-52,1,2025-12-19T11:55:00,0
STUBAND_011,ZONE_A,Lecture Hall,0,-52,1,2025-12-19T11:58:00,0
STUBAND_013,ZONE_A,Lecture Hall,0,-59,1,2025-12-19T11:59:00,0
STUBAND_002,ZONE_C,Library,0,-62,1,2025-12-19T12:01:00,0
STUBAND_008,ZONE_B,Laboratory,1,-53,1,2025-12-19T12:01:00,0
STUBAND_012,ZONE_B,Laboratory,1,-69,1,2025-12-19T12:07:00,0
STUBAND_011,ZONE_B,Laboratory,1,-62,1,2025-12-19T12:10:00,0
STUBAND_013,ZONE_C,Library,1,-67,1,2025-12-19T12:10:00,0
STUBAND_002,ZONE_A,Lecture Hall,1,-50,1,2025-12-19T12:26:00,0
STUBAND_004,ZONE_A,Lecture Hall,0,-58,1,2025-12-19T12:32:00,0
STUBAND_014,ZONE_B,Laboratory,0,-54,1,2025-12-19T12:39:00,0
STUBAND_013,ZONE_C,Library,0,-67,1,2025-12-19T12:47:00,0
STUBAND_009,ZONE_A,Lecture Hall,0,-59,1,2025-12-19T12:55:00,0
STUBAND_009,ZONE_C,Library,1,-66,1,2025-12-19T13:02:00,0
STUBAND_011,ZONE_B,Laboratory,0,-62,1,2025-12-19T13:08:00,0
STUBAND_001,ZONE_D,Restricted Area,0,-62,1,2025-12-19T13:28:00,0
STUBAND_006,ZONE_A,Lecture Hall,0,-60,1,2025-12-19T13:39:00,0
STUBAND_015,ZONE_C,Library,0,-62,1,2025-12-19T13:41:00,0
STUBAND_006,ZONE_B,Laboratory,1,-57,1,2025-12-19T14:07:00,0
STUBAND_008,ZONE_B,Laboratory,0,-53,1,2025-12-19T14:39:00,0
STUBAND_012,ZONE_B,Laboratory,0,-69,1,2025-12-19T14:39:00,0
STUBAND_007,ZONE_A,Lecture Hall,0,-57,1,2025-12-19T15:00:00,0
STUBAND_002,ZONE_A,Lecture Hall,0,-50,1,2025-12-19T15:09:00,0
STUBAND_007,ZONE_C,Library,1,-58,1,2025-12-19T15:17:00,0
STUBAND_002,ZONE_B,Laboratory,1,-51,1,2025-12-19T15:36:00,0
STUBAND_007,ZONE_C,Library,0,-58,1,2025-12-19T16:00:00,0
STUBAND_009,ZONE_C,Library,0,-66,1,2025-12-19T16:02:00,0
STUBAND_006,ZONE_B,Laboratory,0,-57,1,2025-12-19T16:12:00,0
STUBAND_006,ZONE_C,Library,1,-63,1,2025-12-19T16:32:00,0
STUBAND_002,ZONE_B,Laboratory,0,-51,1,2025-12-19T16:53:00,0
STUBAND_006,ZONE_C,Library,0,-63,1,2025-12-19T18:28:00,0
STUBAND_008,ZONE_D,Restricted Area,1,-49,0,2025-12-20T08:00:00,1
STUBAND_004,ZONE_A,Lecture Hall,1,-53,1,2025-12-20T08:06:00,0
STUBAND_009,ZONE_C,Library,1,-71,1,2025-12-20T08:06:00,0
STUBAND_014,ZONE_B,Laboratory,1,-60,1,2025-12-20T08:06:00,0
STUBAND_013,ZONE_C,Library,1,-57,1,2025-12-20T08:08:00,0
STUBAND_002,ZONE_D,Restricted Area,1,-56,1,2025-12-20T08:10:00,0
STUBAND_006,ZONE_A,Lecture Hall,1,-52,1,2025-12-20T08:11:00,0
STUBAND_001,ZONE_B,Laboratory,1,-66,1,2025-12-20T08:12:00,0
STUBAND_007,ZONE_C,Library,1,-56,1,2025-12-20T08:15:00,0
STUBAND_011,ZONE_C,Library,1,-71,1,2025-12-20T08:15:00,0
STUBAND_010,ZONE_B,Laboratory,1,-63,1,2025-12-20T08:18:00,0
STUBAND_003,ZONE_D,Restricted Area,1,-52,1,2025-12-20T08:29:00,0
STUBAND_006,ZONE_A,Lecture Hall,0,-52,1,2025-12-20T08:54:00,0
STUBAND_013,ZONE_C,Library,0,-57,1,2025-12-20T08:58:00,0
STUBAND_006,ZONE_B,Laboratory,1,-70,1,2025-12-20T09:08:00,0
STUBAND_013,ZONE_B,Laboratory,1,-69,1,2025-12-20T09:18:00,0
STUBAND_009,ZONE_C,Library,0,-71,1,2025-12-20T09:27:00,0
STUBAND_007,ZONE_C,Library,0,-56,1,2025-12-20T09:32:00,0
STUBAND_009,ZONE_B,Laboratory,1,-66,1,2025-12-20T09:33:00,0
STUBAND_007,ZONE_A,Lecture Hall,1,-51,1,2025-12-20T09:45:00,0
STUBAND_008,ZONE_D,Restricted Area,0,-49,0,2025-12-20T09:55:00,1
STUBAND_006,ZONE_B,Laboratory,0,-70,1,2025-12-20T10:09:00,0
STUBAND_001,ZONE_B,Laboratory,0,-66,1,2025-12-20T10:14:00,0
STUBAND_008,ZONE_C,Library,1,-55,1,2025-12-20T10:17:00,0
STUBAND_001,ZONE_D,Restricted Area,1,-53,1,2025-12-20T10:20:00,0
STUBAND_006,ZONE_C,Library,1,-69,1,2025-12-20T10:32:00,0
STUBAND_002,ZONE_D,Restricted Area,0,-56,1,2025-12-20T10:35:00,0
STUBAND_010,ZONE_B,Laboratory,0,-63,1,2025-12-20T10:39:00,0
STUBAND_014,ZONE_B,Laboratory,0,-60,1,2025-12-20T10:51:00,0
STUBAND_011,ZONE_C,Library,0,-71,1,2025-12-20T10:58:00,0
STUBAND_003,ZONE_D,Restricted Area,0,-52,1,2025-12-20T11:01:00,0
STUBAND_002,ZONE_B,Laboratory,1,-67,1,2025-12-20T11:02:00,0
STUBAND_010,ZONE_A,Lecture Hall,1,-49,1,2025-12-20T11:05:00,0
STUBAND_014,ZONE_A,Lecture Hall,1,-56,1,2025-12-20T11:10:00,0
STUBAND_007,ZONE_A,Lecture Hall,0,-51,1,2025-12-20T11:15:00,0
STUBAND_003,ZONE_A,Lecture Hall,1,-59,1,2025-12-20T11:17:00,0
STUBAND_011,ZONE_A,Lecture Hall,1,-55,1,2025-12-20T11:27:00,0
STUBAND_007,ZONE_B,Laboratory,1,-58,1,2025-12-20T11:33:00,0
STUBAND_006,ZONE_C,Library,0,-69,1,2025-12-20T11:49:00,0
STUBAND_008,ZONE_C,Library,0,-55,1,2025-12-20T11:49:00,0
STUBAND_009,ZONE_B,Laboratory,0,-66,1,2025-12-20T12:00:00,0
STUBAND_008,ZONE_A,Lecture Hall,1,-57,1,2025-12-20T12:03:00,0
STUBAND_001,ZONE_D,Restricted Area,0,-53,1,2025-12-20T12:04:00,0
STUBAND_013,ZONE_B,Laboratory,0,-69,1,2025-12-20T12:07:00,0
STUBAND_010,ZONE_A,Lecture Hall,0,-49,1,2025-12-20T12:08:00,0
STUBAND_014,ZONE_A,Lecture Hall,0,-56,1,2025-12-20T12:16:00,0
STUBAND_003,ZONE_A,Lecture Hall,0,-59,1,2025-12-20T12:17:00,0
STUBAND_002,ZONE_B,Laboratory,0,-67,1,2025-12-20T12:20:00,0
STUBAND_002,ZONE_C,Library,1,-66,1,2025-12-20T12:29:00,0
STUBAND_013,ZONE_A,Lecture Hall,1,-54,1,2025-12-20T12:30:00,0
STUBAND_004,ZONE_A,Lecture Hall,0,-53,1,2025-12-20T12:32:00,0
STUBAND_004,ZONE_C,Library,1,-69,1,2025-12-20T12:48:00,0
STUBAND_011,ZONE_A,Lecture Hall,0,-55,1,2025-12-20T13:12:00,0
STUBAND_008,ZONE_A,Lecture Hall,0,-57,1,2025-12-20T13:49:00,0
STUBAND_007,ZONE_B,Laboratory,0,-58,1,2025-12-20T13:50:00,0
STUBAND_013,ZONE_A,Lecture Hall,0,-54,1,2025-12-20T14:27:00,0
STUBAND_002,ZONE_C,Library,0,-66,1,2025-12-20T14:42:00,0
STUBAND_004,ZONE_C,Library,0,-69,1,2025-12-20T15:06:00,0
STUBAND_002,ZONE_A,Lecture Hall,1,-50,1,2025-12-20T15:11:00,0
STUBAND_004,ZONE_B,Laboratory,1,-58,1,2025-12-20T15:27:00,0
STUBAND_004,ZONE_B,Laboratory,0,-58,1,2025-12-20T16:18:00,0
STUBAND_002,ZONE_A,Lecture Hall,0,-50,1,2025-12-20T17:17:00,0
STUBAND_010,ZONE_C,Library,1,-73,1,2025-12-22T08:00:00,0
STUBAND_001,ZONE_C,Library,1,-75,1,2025-12-22T08:01:00,0
STUBAND_006,ZONE_B,Laboratory,1,-59,1,2025-12-22T08:03:00,0
STUBAND_003,ZONE_C,Library,1,-75,1,2025-12-22T08:06:00,0
STUBAND_011,ZONE_B,Laboratory,1,-56,1,2025-12-22T08:08:00,0
STUBAND_005,ZONE_C,Library,1,-66,1,2025-12-22T08:09:00,0
STUBAND_009,ZONE_B,Laboratory,1,-67,1,2025-12-22T08:09:00,0
STUBAND_014,ZONE_A,Lecture Hall,1,-46,1,2025-12-22T08:12:00,0
STUBAND_002,ZONE_B,Laboratory,1,-50,1,2025-12-22T08:13:00,0
STUBAND_012,ZONE_A,Lecture Hall,1,-55,1,2025-12-22T08:21:00,0
STUBAND_008,ZONE_C,Library,1,-71,1,2025-12-22T08:22:00,0
STUBAND_006,ZONE_B,Laboratory,0,-59,1,2025-12-22T08:32:00,0
STUBAND_008,ZONE_C,Library,0,-71,1,2025-12-22T08:44:00,0
STUBAND_006,ZONE_A,Lecture Hall,1,-52,1,2025-12-22T08:49:00,0
STUBAND_008,ZONE_B,Laboratory,1,-57,1,2025-12-22T08:58:00,0
STUBAND_001,ZONE_C,Library,0,-75,1,2025-12-22T09:14:00,0
STUBAND_001,ZONE_D,Restricted Area,1,-60,1,2025-12-22T09:43:00,0
STUBAND_014,ZONE_A,Lecture Hall,0,-46,1,2025-12-22T10:10:00,0
STUBAND_002,ZONE_B,Laboratory,0,-50,1,2025-12-22T10:22:00,0
STUBAND_012,ZONE_A,Lecture Hall,0,-55,1,2025-12-22T10:33:00,0
STUBAND_009,ZONE_B,Laboratory,0,-67,1,2025-12-22T10:36:00,0
STUBAND_014,ZONE_B,Laboratory,1,-55,1,2025-12-22T10:37:00,0
STUBAND_002,ZONE_C,Library,1,-63,1,2025-12-22T10:42:00,0
STUBAND_005,ZONE_C,Library,0,-66,1,2025-12-22T10:42:00,0
STUBAND_001,ZONE_D,Restricted Area,0,-60,1,2025-12-22T10:43:00,0
STUBAND_010,ZONE_C,Library,0,-73,1,2025-12-22T10:46:00,0
STUBAND_009,ZONE_A,Lecture Hall,1,-54,1,2025-12-22T10:47:00,0
STUBAND_003,ZONE_C,Library,0,-75,1,2025-12-22T11:06:00,0
STUBAND_005,ZONE_A,Lecture Hall,1,-50,1,2025-12-22T11:06:00,0
STUBAND_010,ZONE_A,Lecture Hall,1,-45,1,2025-12-22T11:12:00,0
STUBAND_008,ZONE_B,Laboratory,0,-57,1,2025-12-22T11:31:00,0
STUBAND_003,ZONE_D,Restricted Area,1,-58,1,2025-12-22T11:34:00,0
STUBAND_014,ZONE_B,Laboratory,0,-55,1,2025-12-22T11:39:00,0
STUBAND_006,ZONE_A,Lecture Hall,0,-52,1,2025-12-22T11:48:00,0
STUBAND_006,ZONE_C,Library,1,-56,1,2025-12-22T11:54:00,0
STUBAND_010,ZONE_A,Lecture Hall,0,-45,1,2025-12-22T11:55:00,0
STUBAND_005,ZONE_A,Lecture Hall,0,-50,1,2025-12-22T12:00:00,0
STUBAND_005,ZONE_B,Laboratory,1,-64,1,2025-12-22T12:15:00,0
STUBAND_006,ZONE_C,Library,0,-56,1,2025-12-22T12:41:00,0
STUBAND_011,ZONE_B,Laboratory,0,-56,1,2025-12-22T12:50:00,0
STUBAND_009,ZONE_A,Lecture Hall,0,-54,1,2025-12-22T12:51:00,0
STUBAND_011,ZONE_C,Library,1,-65,1,2025-12-22T12:56:00,0
STUBAND_009,ZONE_C,Library,1,-70,1,2025-12-22T13:05:00,0
STUBAND_003,ZONE_D,Restricted Area,0,-58,1,2025-12-22T13:22:00,0
STUBAND_011,ZONE_C,Library,0,-65,1,2025-12-22T13:45:00,0
STUBAND_005,ZONE_B,Laboratory,0,-64,1,2025-12-22T14:18:00,0
STUBAND_002,ZONE_C,Library,0,-63,1,2025-12-22T16:10:00,0
STUBAND_009,ZONE_C,Library,0,-70,1,2025-12-22T18:28:00,0
STUBAND_013,ZONE_C,Library,1,-63,1,2025-12-23T08:00:00,0
STUBAND_008,ZONE_C,Library,1,-70,1,2025-12-23T08:01:00,0
STUBAND_004,ZONE_B,Laboratory,1,-53,1,2025-12-23T08:04:00,0
STUBAND_005,ZONE_A,Lecture Hall,1,-48,1,2025-12-23T08:17:00,0
STUBAND_011,ZONE_B,Laboratory,1,-54,1,2025-12-23T08:19:00,0
STUBAND_006,ZONE_C,Library,1,-62,1,2025-12-23T08:20:00,0
STUBAND_012,ZONE_C,Library,1,-55,1,2025-12-23T08:22:00,0
STUBAND_010,ZONE_C,Library,1,-56,1,2025-12-23T08:23:00,0
STUBAND_014,ZONE_A,Lecture Hall,1,-51,1,2025-12-23T08:23:00,0
STUBAND_009,ZONE_A,Lecture Hall,1,-46,1,2025-12-23T08:24:00,0
STUBAND_003,ZONE_B,Laboratory,1,-57,1,2025-12-23T08:28:00,0
STUBAND_001,ZONE_A,Lecture Hall,1,-45,1,2025-12-23T08:29:00,0
STUBAND_007,ZONE_C,Library,1,-65,1,2025-12-23T08:30:00,0
STUBAND_013,ZONE_C,Library,0,-63,1,2025-12-23T08:34:00,0
STUBAND_013,ZONE_B,Laboratory,1,-62,1,2025-12-23T08:45:00,0
STUBAND_014,ZONE_A,Lecture Hall,0,-51,1,2025-12-23T08:55:00,0
STUBAND_007,ZONE_C,Library,0,-65,1,2025-12-23T09:03:00,0
STUBAND_003,ZONE_B,Laboratory,0,-57,1,2025-12-23T09:04:00,0
STUBAND_014,ZONE_C,Library,1,-63,1,2025-12-23T09:12:00,0
STUBAND_007,ZONE_A,Lecture Hall,1,-45,1,2025-12-23T09:15:00,0
STUBAND_003,ZONE_D,Restricted Area,1,-55,1,2025-12-23T09:17:00,0
STUBAND_012,ZONE_C,Library,0,-55,1,2025-12-23T09:27:00,0
STUBAND_005,ZONE_A,Lecture Hall,0,-48,1,2025-12-23T09:37:00,0
STUBAND_005,ZONE_C,Library,1,-61,1,2025-12-23T09:44:00,0
STUBAND_013,ZONE_B,Laboratory,0,-62,1,2025-12-23T09:46:00,0
STUBAND_012,ZONE_B,Laboratory,1,-60,1,2025-12-23T09:48:00,0
STUBAND_013,ZONE_A,Lecture Hall,1,-52,1,2025-12-23T10:00:00,0
STUBAND_008,ZONE_C,Library,0,-70,1,2025-12-23T10:05:00,0
STUBAND_010,ZONE_C,Library,0,-56,1,2025-12-23T10:05:00,0
STUBAND_008,ZONE_B,Laboratory,1,-64,1,2025-12-23T10:13:00,0
STUBAND_010,ZONE_A,Lecture Hall,1,-48,1,2025-12-23T10:26:00,0
STUBAND_013,ZONE_A,Lecture Hall,0,-52,1,2025-12-23T10:35:00,0
STUBAND_001,ZONE_A,Lecture Hall,0,-45,1,2025-12-23T10:41:00,0
STUBAND_001,ZONE_B,Laboratory,1,-51,1,2025-12-23T10:51:00,0
STUBAND_014,ZONE_C,Library,0,-63,1,2025-12-23T10:52:00,0
STUBAND_011,ZONE_B,Laboratory,0,-54,1,2025-12-23T10:59:00,0
STUBAND_004,ZONE_B,Laboratory,0,-53,1,2025-12-23T11:00:00,0
STUBAND_004,ZONE_C,Library,1,-70,1,2025-12-23T11:06:00,0
STUBAND_007,ZONE_A,Lecture Hall,0,-45,1,2025-12-23T11:08:00,0
STUBAND_009,ZONE_A,Lecture Hall,0,-46,1,2025-12-23T11:14:00,0
STUBAND_007,ZONE_B,Laboratory,1,-56,1,2025-12-23T11:35:00,0
STUBAND_009,ZONE_C,Library,1,-71,1,2025-12-23T11:35:00,0
STUBAND_012,ZONE_B,Laboratory,0,-60,1,2025-12-23T11:38:00,0
STUBAND_009,ZONE_C,Library,0,-71,1,2025-12-23T11:56:00,0
STUBAND_012,ZONE_A,Lecture Hall,1,-45,1,2025-12-23T12:00:00,0
STUBAND_008,ZONE_B,Laboratory,0,-64,1,2025-12-23T12:13:00,0
STUBAND_008,ZONE_A,Lecture Hall,1,-46,1,2025-12-23T12:24:00,0
STUBAND_005,ZONE_C,Library,0,-61,1,2025-12-23T12:30:00,0
STUBAND_001,ZONE_B,Laboratory,0,-51,1,2025-12-23T12:42:00,0
STUBAND_007,ZONE_B,Laboratory,0,-56,1,2025-12-23T12:51:00,0
STUBAND_010,ZONE_A,Lecture Hall,0,-48,1,2025-12-23T13:21:00,0
STUBAND_004,ZONE_C,Library,0,-70,1,2025-12-23T13:26:00,0
STUBAND_008,ZONE_A,Lecture Hall,0,-46,1,2025-12-23T13:32:00,0
STUBAND_004,ZONE_A,Lecture Hall,1,-55,1,2025-12-23T13:46:00,0
STUBAND_010,ZONE_B,Laboratory,1,-63,1,2025-12-23T13:48:00,0
STUBAND_006,ZONE_C,Library,0,-62,1,2025-12-23T13:50:00,0
STUBAND_012,ZONE_A,Lecture Hall,0,-45,1,2025-12-23T14:06:00,0
STUBAND_003,ZONE_D,Restricted Area,0,-55,1,2025-12-23T15:03:00,0
STUBAND_003,ZONE_C,Library,1,-57,1,2025-12-23T15:24:00,0
STUBAND_010,ZONE_B,Laboratory,0,-63,1,2025-12-23T15:35:00,0
STUBAND_003,ZONE_C,Library,0,-57,1,2025-12-23T16:41:00,0
STUBAND_003,ZONE_A,Lecture Hall,1,-50,1,2025-12-23T17:07:00,0
STUBAND_004,ZONE_A,Lecture Hall,0,-55,1,2025-12-23T19:08:00,0
STUBAND_003,ZONE_A,Lecture Hall,0,-50,1,2025-12-23T20:05:00,0
STUBAND_007,ZONE_C,Library,1,-74,1,2025-12-24T08:00:00,0
STUBAND_013,ZONE_A,Lecture Hall,1,-58,1,2025-12-24T08:09:00,0
STUBAND_002,ZONE_A,Lecture Hall,1,-59,1,2025-12-24T08:12:00,0
STUBAND_009,ZONE_A,Lecture Hall,1,-48,1,2025-12-24T08:12:00,0
STUBAND_008,ZONE_A,Lecture Hall,1,-60,1,2025-12-24T08:17:00,0
STUBAND_014,ZONE_B,Laboratory,1,-66,1,2025-12-24T08:19:00,0
STUBAND_012,ZONE_A,Lecture Hall,1,-49,1,2025-12-24T08:23:00,0
STUBAND_003,ZONE_C,Library,1,-65,1,2025-12-24T08:25:00,0
STUBAND_004,ZONE_C,Library,1,-64,1,2025-12-24T08:26:00,0
STUBAND_015,ZONE_B,Laboratory,1,-60,1,2025-12-24T08:26:00,0
STUBAND_006,ZONE_B,Laboratory,1,-68,1,2025-12-24T08:28:00,0
STUBAND_010,ZONE_C,Library,1,-55,1,2025-12-24T08:28:00,0
STUBAND_001,ZONE_D,Restricted Area,1,-54,1,2025-12-24T08:29:00,0
STUBAND_005,ZONE_C,Library,1,-72,1,2025-12-24T08:29:00,0
STUBAND_007,ZONE_C,Library,0,-74,1,2025-12-24T08:33:00,0
STUBAND_009,ZONE_A,Lecture Hall,0,-48,1,2025-12-24T08:39:00,0
STUBAND_007,ZONE_A,Lecture Hall,1,-52,1,2025-12-24T08:43:00,0
STUBAND_010,ZONE_C,Library,0,-55,1,2025-12-24T08:50:00,0
STUBAND_009,ZONE_B,Laboratory,1,-65,1,2025-12-24T08:59:00,0
STUBAND_013,ZONE_A,Lecture Hall,0,-58,1,2025-12-24T09:19:00,0
STUBAND_006,ZONE_B,Laboratory,0,-68,1,2025-12-24T09:30:00,0
STUBAND_003,ZONE_C,Library,0,-65,1,2025-12-24T09:32:00,0
STUBAND_013,ZONE_C,Library,1,-57,1,2025-12-24T09:47:00,0
STUBAND_003,ZONE_B,Laboratory,1,-68,1,2025-12-24T09:53:00,0
STUBAND_009,ZONE_B,Laboratory,0,-65,1,2025-12-24T09:53:00,0
STUBAND_006,ZONE_A,Lecture Hall,1,-60,1,2025-12-24T09:59:00,0
STUBAND_014,ZONE_B,Laboratory,0,-66,1,2025-12-24T10:12:00,0
STUBAND_009,ZONE_C,Library,1,-63,1,2025-12-24T10:21:00,0
STUBAND_014,ZONE_C,Library,1,-65,1,2025-12-24T10:42:00,0
STUBAND_015,ZONE_B,Laboratory,0,-60,1,2025-12-24T10:44:00,0
STUBAND_003,ZONE_B,Laboratory,0,-68,1,2025-12-24T10:53:00,0
STUBAND_002,ZONE_A,Lecture Hall,0,-59,1,2025-12-24T10:54:00,0
STUBAND_012,ZONE_A,Lecture Hall,0,-49,1,2025-12-24T10:54:00,0
STUBAND_012,ZONE_B,Laboratory,1,-65,1,2025-12-24T11:03:00,0
STUBAND_002,ZONE_D,Restricted Area,1,-61,1,2025-12-24T11:07:00,0
STUBAND_005,ZONE_C,Library,0,-72,1,2025-12-24T11:07:00,0
STUBAND_001,ZONE_D,Restricted Area,0,-54,1,2025-12-24T11:08:00,0
STUBAND_003,ZONE_D,Restricted Area,1,-48,1,2025-12-24T11:11:00,0
STUBAND_006,ZONE_A,Lecture Hall,0,-60,1,2025-12-24T11:12:00,0
STUBAND_008,ZONE_A,Lecture Hall,0,-60,1,2025-12-24T11:15:00,0
STUBAND_008,ZONE_B,Laboratory,1,-52,1,2025-12-24T11:22:00,0
STUBAND_004,ZONE_C,Library,0,-64,1,2025-12-24T11:23:00,0
STUBAND_007,ZONE_A,Lecture Hall,0,-52,1,2025-12-24T11:30:00,0
STUBAND_013,ZONE_C,Library,0,-57,1,2025-12-24T11:31:00,0
STUBAND_005,ZONE_B,Laboratory,1,-61,1,2025-12-24T11:35:00,0
STUBAND_001,ZONE_A,Lecture Hall,1,-54,1,2025-12-24T11:36:00,0
STUBAND_006,ZONE_C,Library,1,-55,1,2025-12-24T11:38:00,0
STUBAND_007,ZONE_B,Laboratory,1,-62,1,2025-12-24T11:42:00,0
STUBAND_014,ZONE_C,Library,0,-65,1,2025-12-24T11:45:00,0
STUBAND_013,ZONE_B,Laboratory,1,-66,1,2025-12-24T11:47:00,0
STUBAND_003,ZONE_D,Restricted Area,0,-48,1,2025-12-24T11:54:00,0
STUBAND_003,ZONE_A,Lecture Hall,1,-53,1,2025-12-24T12:10:00,0
STUBAND_002,ZONE_D,Restricted Area,0,-61,1,2025-12-24T12:32:00,0
STUBAND_002,ZONE_C,Library,1,-65,1,2025-12-24T12:37:00,0
STUBAND_001,ZONE_A,Lecture Hall,0,-54,1,2025-12-24T12:45:00,0
STUBAND_009,ZONE_C,Library,0,-63,1,2025-12-24T13:00:00,0
STUBAND_013,ZONE_B,Laboratory,0,-66,1,2025-12-24T13:07:00,0
STUBAND_002,ZONE_C,Library,0,-65,1,2025-12-24T13:36:00,0
STUBAND_002,ZONE_B,Laboratory,1,-66,1,2025-12-24T13:42:00,0
STUBAND_006,ZONE_C,Library,0,-55,1,2025-12-24T13:46:00,0
STUBAND_003,ZONE_A,Lecture Hall,0,-53,1,2025-12-24T13:54:00,0
STUBAND_007,ZONE_B,Laboratory,0,-62,1,2025-12-24T13:57:00,0
STUBAND_012,ZONE_B,Laboratory,0,-65,1,2025-12-24T14:00:00,0
STUBAND_008,ZONE_B,Laboratory,0,-52,1,2025-12-24T15:51:00,0
STUBAND_002,ZONE_B,Laboratory,0,-66,1,2025-12-24T16:34:00,0
STUBAND_005,ZONE_B,Laboratory,0,-61,1,2025-12-24T17:01:00,0
STUBAND_006,ZONE_B,Laboratory,1,-63,1,2025-12-25T08:01:00,0
STUBAND_001,ZONE_D,Restricted Area,1,-63,1,2025-12-25T08:05:00,0
STUBAND_014,ZONE_A,Lecture Hall,1,-46,1,2025-12-25T08:06:00,0
STUBAND_015,ZONE_C,Library,1,-72,1,2025-12-25T08:07:00,0
STUBAND_009,ZONE_C,Library,1,-73,1,2025-12-25T08:12:00,0
STUBAND_011,ZONE_A,Lecture Hall,1,-50,1,2025-12-25T08:13:00,0
STUBAND_013,ZONE_B,Laboratory,1,-69,1,2025-12-25T08:16:00,0
STUBAND_003,ZONE_B,Laboratory,1,-53,1,2025-12-25T08:17:00,0
STUBAND_005,ZONE_B,Laboratory,1,-65,1,2025-12-25T08:21:00,0
STUBAND_008,ZONE_B,Laboratory,1,-50,1,2025-12-25T08:28:00,0
STUBAND_010,ZONE_C,Library,1,-56,1,2025-12-25T08:28:00,0
STUBAND_001,ZONE_D,Restricted Area,0,-63,1,2025-12-25T09:00:00,0
STUBAND_013,ZONE_B,Laboratory,0,-69,1,2025-12-25T09:13:00,0
STUBAND_003,ZONE_B,Laboratory,0,-53,1,2025-12-25T09:15:00,0
STUBAND_005,ZONE_B,Laboratory,0,-65,1,2025-12-25T09:16:00,0
STUBAND_013,ZONE_C,Library,1,-70,1,2025-12-25T09:19:00,0
STUBAND_001,ZONE_C,Library,1,-69,1,2025-12-25T09:22:00,0
STUBAND_003,ZONE_A,Lecture Hall,1,-48,1,2025-12-25T09:31:00,0
STUBAND_005,ZONE_C,Library,1,-70,1,2025-12-25T09:35:00,0
STUBAND_009,ZONE_C,Library,0,-73,1,2025-12-25T10:08:00,0
STUBAND_013,ZONE_C,Library,0,-70,1,2025-12-25T10:25:00,0
STUBAND_014,ZONE_A,Lecture Hall,0,-46,1,2025-12-25T10:26:00,0
STUBAND_011,ZONE_A,Lecture Hall,0,-50,1,2025-12-25T10:36:00,0
STUBAND_014,ZONE_C,Library,1,-70,1,2025-12-25T10:46:00,0
STUBAND_008,ZONE_B,Laboratory,0,-50,1,2025-12-25T11:01:00,0
STUBAND_011,ZONE_C,Library,1,-60,1,2025-12-25T11:02:00,0
STUBAND_008,ZONE_C,Library,1,-67,1,2025-12-25T11:26:00,0
STUBAND_005,ZONE_C,Library,0,-70,1,2025-12-25T12:19:00,0
STUBAND_003,ZONE_A,Lecture Hall,0,-48,1,2025-12-25T12:21:00,0
STUBAND_001,ZONE_C,Library,0,-69,1,2025-12-25T12:22:00,0
STUBAND_001,ZONE_A,Lecture Hall,1,-58,1,2025-12-25T12:29:00,0
STUBAND_003,ZONE_D,Restricted Area,1,-56,1,2025-12-25T12:49:00,0
STUBAND_014,ZONE_C,Library,0,-70,1,2025-12-25T12:51:00,0
STUBAND_008,ZONE_C,Library,0,-67,1,2025-12-25T12:53:00,0
STUBAND_010,ZONE_C,Library,0,-56,1,2025-12-25T13:05:00,0
STUBAND_006,ZONE_B,Laboratory,0,-63,1,2025-12-25T13:08:00,0
STUBAND_014,ZONE_B,Laboratory,1,-66,1,2025-12-25T13:15:00,0
STUBAND_010,ZONE_B,Laboratory,1,-65,1,2025-12-25T13:24:00,0
STUBAND_015,ZONE_C,Library,0,-72,1,2025-12-25T13:33:00,0
STUBAND_011,ZONE_C,Library,0,-60,1,2025-12-25T13:53:00,0
STUBAND_015,ZONE_A,Lecture Hall,1,-47,1,2025-12-25T13:54:00,0
STUBAND_014,ZONE_B,Laboratory,0,-66,1,2025-12-25T14:21:00,0
STUBAND_001,ZONE_A,Lecture Hall,0,-58,1,2025-12-25T14:58:00,0
STUBAND_003,ZONE_D,Restricted Area,0,-56,1,2025-12-25T15:17:00,0
STUBAND_010,ZONE_B,Laboratory,0,-65,1,2025-12-25T15:55:00,0
STUBAND_015,ZONE_A,Lecture Hall,0,-47,1,2025-12-25T16:49:00,0
STUBAND_004,ZONE_C,Library,1,-62,1,2025-12-26T08:04:00,0
STUBAND_010,ZONE_A,Lecture Hall,1,-50,1,2025-12-26T08:09:00,0
STUBAND_007,ZONE_A,Lecture Hall,1,-60,1,2025-12-26T08:14:00,0
STUBAND_001,ZONE_A,Lecture Hall,1,-56,1,2025-12-26T08:15:00,0
STUBAND_002,ZONE_A,Lecture Hall,1,-53,1,2025-12-26T08:15:00,0
STUBAND_013,ZONE_B,Laboratory,1,-64,1,2025-12-26T08:15:00,0
STUBAND_009,ZONE_A,Lecture Hall,1,-51,1,2025-12-26T08:17:00,0
STUBAND_008,ZONE_C,Library,1,-75,1,2025-12-26T08:20:00,0
STUBAND_012,ZONE_B,Laboratory,1,-68,1,2025-12-26T08:22:00,0
STUBAND_005,ZONE_C,Library,1,-71,1,2025-12-26T08:23:00,0
STUBAND_006,ZONE_A,Lecture Hall,1,-58,1,2025-12-26T08:25:00,0
STUBAND_014,ZONE_C,Library,1,-65,1,2025-12-26T08:27:00,0
STUBAND_011,ZONE_A,Lecture Hall,1,-60,1,2025-12-26T08:30:00,0
STUBAND_002,ZONE_A,Lecture Hall,0,-53,1,2025-12-26T08:56:00,0
STUBAND_008,ZONE_C,Library,0,-75,1,2025-12-26T09:02:00,0
STUBAND_002,ZONE_B,Laboratory,1,-51,1,2025-12-26T09:10:00,0
STUBAND_005,ZONE_C,Library,0,-71,1,2025-12-26T09:13:00,0
STUBAND_008,ZONE_A,Lecture Hall,1,-48,1,2025-12-26T09:15:00,0
STUBAND_004,ZONE_C,Library,0,-62,1,2025-12-26T09:28:00,0
STUBAND_013,ZONE_B,Laboratory,0,-64,1,2025-12-26T09:36:00,0
STUBAND_004,ZONE_B,Laboratory,1,-53,1,2025-12-26T09:41:00,0
STUBAND_005,ZONE_B,Laboratory,1,-65,1,2025-12-26T09:41:00,0
STUBAND_013,ZONE_C,Library,1,-69,1,2025-12-26T09:49:00,0
STUBAND_011,ZONE_A,Lecture Hall,0,-60,1,2025-12-26T09:56:00,0
STUBAND_011,ZONE_B,Laboratory,1,-58,1,2025-12-26T10:03:00,0
STUBAND_012,ZONE_B,Laboratory,0,-68,1,2025-12-26T10:09:00,0
STUBAND_012,ZONE_A,Lecture Hall,1,-55,1,2025-12-26T10:16:00,0
STUBAND_010,ZONE_A,Lecture Hall,0,-50,1,2025-12-26T10:40:00,0
STUBAND_006,ZONE_A,Lecture Hall,0,-58,1,2025-12-26T10:45:00,0
STUBAND_007,ZONE_A,Lecture Hall,0,-60,1,2025-12-26T10:46:00,0
STUBAND_001,ZONE_A,Lecture Hall,0,-56,1,2025-12-26T10:53:00,0
STUBAND_010,ZONE_C,Library,1,-58,1,2025-12-26T10:53:00,0
STUBAND_001,ZONE_C,Library,1,-55,1,2025-12-26T10:58:00,0
STUBAND_007,ZONE_B,Laboratory,1,-51,1,2025-12-26T11:00:00,0
STUBAND_009,ZONE_A,Lecture Hall,0,-51,1,2025-12-26T11:00:00,0
STUBAND_006,ZONE_B,Laboratory,1,-62,1,2025-12-26T11:09:00,0
STUBAND_013,ZONE_C,Library,0,-69,1,2025-12-26T11:12:00,0
STUBAND_002,ZONE_B,Laboratory,0,-51,1,2025-12-26T11:14:00,0
STUBAND_014,ZONE_C,Library,0,-65,1,2025-12-26T11:14:00,0
STUBAND_008,ZONE_A,Lecture Hall,0,-48,1,2025-12-26T11:16:00,0
STUBAND_011,ZONE_B,Laboratory,0,-58,1,2025-12-26T11:19:00,0
STUBAND_009,ZONE_C,Library,1,-64,1,2025-12-26T11:23:00,0
STUBAND_002,ZONE_D,Restricted Area,1,-59,1,2025-12-26T11:27:00,0
STUBAND_014,ZONE_A,Lecture Hall,1,-45,1,2025-12-26T11:27:00,0
STUBAND_004,ZONE_B,Laboratory,0,-53,1,2025-12-26T11:34:00,0
STUBAND_013,ZONE_A,Lecture Hall,1,-49,1,2025-12-26T11:36:00,0
STUBAND_006,ZONE_B,Laboratory,0,-62,1,2025-12-26T11:49:00,0
STUBAND_004,ZONE_D,Restricted Area,1,-57,0,2025-12-26T11:58:00,1
STUBAND_012,ZONE_A,Lecture Hall,0,-55,1,2025-12-26T12:06:00,0
STUBAND_005,ZONE_B,Laboratory,0,-65,1,2025-12-26T12:11:00,0
STUBAND_006,ZONE_C,Library,1,-74,1,2025-12-26T12:13:00,0
STUBAND_007,ZONE_B,Laboratory,0,-51,1,2025-12-26T12:19:00,0
STUBAND_013,ZONE_A,Lecture Hall,0,-49,1,2025-12-26T12:23:00,0
STUBAND_009,ZONE_C,Library,0,-64,1,2025-12-26T12:53:00,0
STUBAND_001,ZONE_C,Library,0,-55,1,2025-12-26T13:05:00,0
STUBAND_009,ZONE_B,Laboratory,1,-58,1,2025-12-26T13:05:00,0
STUBAND_004,ZONE_D,Restricted Area,0,-57,0,2025-12-26T13:10:00,1
STUBAND_001,ZONE_D,Restricted Area,1,-64,1,2025-12-26T13:21:00,0
STUBAND_004,ZONE_A,Lecture Hall,1,-45,1,2025-12-26T13:28:00,0
STUBAND_010,ZONE_C,Library,0,-58,1,2025-12-26T13:40:00,0
STUBAND_014,ZONE_A,Lecture Hall,0,-45,1,2025-12-26T13:57:00,0
STUBAND_014,ZONE_B,Laboratory,1,-58,1,2025-12-26T14:10:00,0
STUBAND_006,ZONE_C,Library,0,-74,1,2025-12-26T14:15:00,0
STUBAND_009,ZONE_B,Laboratory,0,-58,1,2025-12-26T14:31:00,0
STUBAND_001,ZONE_D,Restricted Area,0,-64,1,2025-12-26T15:30:00,0
STUBAND_001,ZONE_B,Laboratory,1,-55,1,2025-12-26T15:42:00,0
STUBAND_004,ZONE_A,Lecture Hall,0,-45,1,2025-12-26T16:11:00,0
STUBAND_014,ZONE_B,Laboratory,0,-58,1,2025-12-26T16:57:00,0
STUBAND_002,ZONE_D,Restricted Area,0,-59,1,2025-12-26T17:22:00,0
STUBAND_001,ZONE_B,Laboratory,0,-55,1,2025-12-26T17:39:00,0
STUBAND_002,ZONE_C,Library,1,-75,1,2025-12-26T17:52:00,0
STUBAND_002,ZONE_C,Library,0,-75,1,2025-12-26T18:42:00,0
STUBAND_005,ZONE_A,Lecture Hall,1,-54,1,2025-12-27T08:01:00,0
STUBAND_012,ZONE_B,Laboratory,1,-59,1,2025-12-27T08:01:00,0
STUBAND_004,ZONE_B,Laboratory,1,-60,1,2025-12-27T08:04:00,0
STUBAND_010,ZONE_B,Laboratory,1,-63,1,2025-12-27T08:05:00,0
STUBAND_002,ZONE_B,Laboratory,1,-62,1,2025-12-27T08:07:00,0
STUBAND_009,ZONE_A,Lecture Hall,1,-53,1,2025-12-27T08:10:00,0
STUBAND_008,ZONE_B,Laboratory,1,-60,1,2025-12-27T08:11:00,0
STUBAND_001,ZONE_A,Lecture Hall,1,-55,1,2025-12-27T08:12:00,0
STUBAND_013,ZONE_C,Library,1,-73,1,2025-12-27T08:15:00,0
STUBAND_011,ZONE_A,Lecture Hall,1,-58,1,2025-12-27T08:16:00,0
STUBAND_003,ZONE_D,Restricted Area,1,-58,1,2025-12-27T08:18:00,0
STUBAND_015,ZONE_C,Library,1,-66,1,2025-12-27T08:25:00,0
STUBAND_010,ZONE_B,Laboratory,0,-63,1,2025-12-27T08:45:00,0
STUBAND_015,ZONE_C,Library,0,-66,1,2025-12-27T08:46:00,0
STUBAND_010,ZONE_A,Lecture Hall,1,-55,1,2025-12-27T08:56:00,0
STUBAND_001,ZONE_A,Lecture Hall,0,-55,1,2025-12-27T09:02:00,0
STUBAND_015,ZONE_A,Lecture Hall,1,-49,1,2025-12-27T09:08:00,0
STUBAND_001,ZONE_C,Library,1,-59,1,2025-12-27T09:29:00,0
STUBAND_004,ZONE_B,Laboratory,0,-60,1,2025-12-27T09:40:00,0
STUBAND_010,ZONE_A,Lecture Hall,0,-55,1,2025-12-27T09:40:00,0
STUBAND_009,ZONE_A,Lecture Hall,0,-53,1,2025-12-27T09:44:00,0
STUBAND_012,ZONE_B,Laboratory,0,-59,1,2025-12-27T09:44:00,0
STUBAND_003,ZONE_D,Restricted Area,0,-58,1,2025-12-27T09:47:00,0
STUBAND_001,ZONE_C,Library,0,-59,1,2025-12-27T09:51:00,0
STUBAND_001,ZONE_B,Laboratory,1,-64,1,2025-12-27T09:56:00,0
STUBAND_012,ZONE_A,Lecture Hall,1,-46,1,2025-12-27T10:04:00,0
STUBAND_013,ZONE_C,Library,0,-73,1,2025-12-27T10:08:00,0
STUBAND_009,ZONE_C,Library,1,-63,1,2025-12-27T10:11:00,0
STUBAND_003,ZONE_A,Lecture Hall,1,-53,1,2025-12-27T10:17:00,0
STUBAND_005,ZONE_A,Lecture Hall,0,-54,1,2025-12-27T10:22:00,0
STUBAND_013,ZONE_B,Laboratory,1,-62,1,2025-12-27T10:26:00,0
STUBAND_008,ZONE_B,Laboratory,0,-60,1,2025-12-27T10:35:00,0
STUBAND_001,ZONE_B,Laboratory,0,-64,1,2025-12-27T10:41:00,0
STUBAND_005,ZONE_B,Laboratory,1,-67,1,2025-12-27T10:47:00,0
STUBAND_013,ZONE_B,Laboratory,0,-62,1,2025-12-27T10:48:00,0
STUBAND_013,ZONE_A,Lecture Hall,1,-56,1,2025-12-27T10:53:00,0
STUBAND_002,ZONE_B,Laboratory,0,-62,1,2025-12-27T11:03:00,0
STUBAND_008,ZONE_C,Library,1,-61,1,2025-12-27T11:04:00,0
STUBAND_011,ZONE_A,Lecture Hall,0,-58,1,2025-12-27T11:14:00,0
STUBAND_002,ZONE_C,Library,1,-64,1,2025-12-27T11:18:00,0
STUBAND_011,ZONE_B,Laboratory,1,-58,1,2025-12-27T11:23:00,0
STUBAND_015,ZONE_A,Lecture Hall,0,-49,1,2025-12-27T11:51:00,0
STUBAND_015,ZONE_B,Laboratory,1,-58,1,2025-12-27T12:09:00,0
STUBAND_003,ZONE_A,Lecture Hall,0,-53,1,2025-12-27T12:14:00,0
STUBAND_009,ZONE_C,Library,0,-63,1,2025-12-27T12:24:00,0
STUBAND_003,ZONE_C,Library,1,-71,1,2025-12-27T12:25:00,0
STUBAND_005,ZONE_B,Laboratory,0,-67,1,2025-12-27T12:32:00,0
STUBAND_012,ZONE_A,Lecture Hall,0,-46,1,2025-12-27T12:42:00,0
STUBAND_005,ZONE_C,Library,1,-58,1,2025-12-27T12:45:00,0
STUBAND_011,ZONE_B,Laboratory,0,-58,1,2025-12-27T12:46:00,0
STUBAND_012,ZONE_C,Library,1,-58,1,2025-12-27T12:55:00,0
STUBAND_008,ZONE_C,Library,0,-61,1,2025-12-27T13:01:00,0
STUBAND_013,ZONE_A,Lecture Hall,0,-56,1,2025-12-27T13:13:00,0
STUBAND_003,ZONE_C,Library,0,-71,1,2025-12-27T13:23:00,0
STUBAND_008,ZONE_A,Lecture Hall,1,-51,1,2025-12-27T13:25:00,0
STUBAND_002,ZONE_C,Library,0,-64,1,2025-12-27T13:26:00,0
STUBAND_002,ZONE_D,Restricted Area,1,-52,1,2025-12-27T13:37:00,0
STUBAND_015,ZONE_B,Laboratory,0,-58,1,2025-12-27T14:08:00,0
STUBAND_005,ZONE_C,Library,0,-58,1,2025-12-27T14:10:00,0
STUBAND_008,ZONE_A,Lecture Hall,0,-51,1,2025-12-27T14:22:00,0
STUBAND_002,ZONE_D,Restricted Area,0,-52,1,2025-12-27T15:32:00,0
STUBAND_012,ZONE_C,Library,0,-58,1,2025-12-27T15:33:00,0
STUBAND_011,ZONE_A,Lecture Hall,1,-45,1,2025-12-29T08:00:00,0
STUBAND_012,ZONE_B,Laboratory,1,-51,1,2025-12-29T08:02:00,0
STUBAND_002,ZONE_A,Lecture Hall,1,-51,1,2025-12-29T08:04:00,0
STUBAND_001,ZONE_D,Restricted Area,1,-49,1,2025-12-29T08:07:00,0
STUBAND_013,ZONE_A,Lecture Hall,1,-49,1,2025-12-29T08:10:00,0
STUBAND_014,ZONE_A,Lecture Hall,1,-55,1,2025-12-29T08:10:00,0
STUBAND_007,ZONE_C,Library,1,-74,1,2025-12-29T08:14:00,0
STUBAND_003,ZONE_B,Laboratory,1,-70,1,2025-12-29T08:17:00,0
STUBAND_009,ZONE_D,Restricted Area,1,-56,0,2025-12-29T08:21:00,1
STUBAND_008,ZONE_A,Lecture Hall,1,-46,1,2025-12-29T08:24:00,0
STUBAND_010,ZONE_C,Library,1,-69,1,2025-12-29T08:27:00,0
STUBAND_015,ZONE_A,Lecture Hall,1,-49,1,2025-12-29T08:27:00,0
STUBAND_009,ZONE_D,Restricted Area,0,-56,0,2025-12-29T08:51:00,1
STUBAND_008,ZONE_A,Lecture Hall,0,-46,1,2025-12-29T08:52:00,0
STUBAND_011,ZONE_A,Lecture Hall,0,-45,1,2025-12-29T08:59:00,0
STUBAND_003,ZONE_B,Laboratory,0,-70,1,2025-12-29T09:03:00,0
STUBAND_008,ZONE_C,Library,1,-61,1,2025-12-29T09:03:00,0
STUBAND_007,ZONE_C,Library,0,-74,1,2025-12-29T09:11:00,0
STUBAND_003,ZONE_A,Lecture Hall,1,-52,1,2025-12-29T09:17:00,0
STUBAND_007,ZONE_B,Laboratory,1,-62,1,2025-12-29T09:17:00,0
STUBAND_009,ZONE_B,Laboratory,1,-53,1,2025-12-29T09:19:00,0
STUBAND_008,ZONE_C,Library,0,-61,1,2025-12-29T09:47:00,0
STUBAND_010,ZONE_C,Library,0,-69,1,2025-12-29T09:47:00,0
STUBAND_015,ZONE_A,Lecture Hall,0,-49,1,2025-12-29T09:48:00,0
STUBAND_007,ZONE_B,Laboratory,0,-62,1,2025-12-29T09:55:00,0
STUBAND_015,ZONE_C,Library,1,-73,1,2025-12-29T10:03:00,0
STUBAND_010,ZONE_A,Lecture Hall,1,-47,1,2025-12-29T10:12:00,0
STUBAND_002,ZONE_A,Lecture Hall,0,-51,1,2025-12-29T10:20:00,0
STUBAND_013,ZONE_A,Lecture Hall,0,-49,1,2025-12-29T10:22:00,0
STUBAND_009,ZONE_B,Laboratory,0,-53,1,2025-12-29T10:43:00,0
STUBAND_002,ZONE_D,Restricted Area,1,-51,1,2025-12-29T10:44:00,0
STUBAND_013,ZONE_B,Laboratory,1,-58,1,2025-12-29T10:50:00,0
STUBAND_012,ZONE_B,Laboratory,0,-51,1,2025-12-29T11:02:00,0
STUBAND_001,ZONE_D,Restricted Area,0,-49,1,2025-12-29T11:03:00,0
STUBAND_010,ZONE_A,Lecture Hall,0,-47,1,2025-12-29T11:14:00,0
STUBAND_003,ZONE_A,Lecture Hall,0,-52,1,2025-12-29T11:29:00,0
STUBAND_001,ZONE_C,Library,1,-67,1,2025-12-29T11:33:00,0
STUBAND_013,ZONE_B,Laboratory,0,-58,1,2025-12-29T11:44:00,0
STUBAND_013,ZONE_C,Library,1,-74,1,2025-12-29T11:57:00,0
STUBAND_015,ZONE_C,Library,0,-73,1,2025-12-29T12:40:00,0
STUBAND_014,ZONE_A,Lecture Hall,0,-55,1,2025-12-29T12:49:00,0
STUBAND_014,ZONE_C,Library,1,-66,1,2025-12-29T13:08:00,0
STUBAND_002,ZONE_D,Restricted Area,0,-51,1,2025-12-29T13:43:00,0
STUBAND_001,ZONE_C,Library,0,-67,1,2025-12-29T14:09:00,0
STUBAND_013,ZONE_C,Library,0,-74,1,2025-12-29T14:09:00,0
STUBAND_014,ZONE_C,Library,0,-66,1,2025-12-29T15:46:00,0
STUBAND_014,ZONE_B,Laboratory,1,-56,1,2025-12-29T16:02:00,0
STUBAND_014,ZONE_B,Laboratory,0,-56,1,2025-12-29T21:43:00,0
STUBAND_002,ZONE_D,Restricted Area,1,-54,1,2025-12-30T08:01:00,0
STUBAND_015,ZONE_B,Laboratory,1,-62,1,2025-12-30T08:02:00,0
STUBAND_010,ZONE_A,Lecture Hall,1,-45,1,2025-12-30T08:05:00,0
STUBAND_013,ZONE_C,Library,1,-63,1,2025-12-30T08:07:00,0
STUBAND_001,ZONE_D,Restricted Area,1,-52,1,2025-12-30T08:10:00,0
STUBAND_014,ZONE_C,Library,1,-60,1,2025-12-30T08:13:00,0
STUBAND_005,ZONE_A,Lecture Hall,1,-55,1,2025-12-30T08:17:00,0
STUBAND_004,ZONE_B,Laboratory,1,-65,1,2025-12-30T08:20:00,0
STUBAND_011,ZONE_A,Lecture Hall,1,-48,1,2025-12-30T08:20:00,0
STUBAND_006,ZONE_B,Laboratory,1,-53,1,2025-12-30T08:24:00,0
STUBAND_003,ZONE_C,Library,1,-56,1,2025-12-30T08:26:00,0
STUBAND_007,ZONE_A,Lecture Hall,1,-51,1,2025-12-30T08:28:00,0
STUBAND_009,ZONE_C,Library,1,-57,1,2025-12-30T08:28:00,0
STUBAND_002,ZONE_D,Restricted Area,0,-54,1,2025-12-30T08:39:00,0
STUBAND_002,ZONE_C,Library,1,-69,1,2025-12-30T08:44:00,0
STUBAND_003,ZONE_C,Library,0,-56,1,2025-12-30T08:56:00,0
STUBAND_001,ZONE_D,Restricted Area,0,-52,1,2025-12-30T08:58:00,0
STUBAND_001,ZONE_C,Library,1,-59,1,2025-12-30T09:06:00,0
STUBAND_002,ZONE_C,Library,0,-69,1,2025-12-30T09:24:00,0
STUBAND_003,ZONE_D,Restricted Area,1,-63,1,2025-12-30T09:24:00,0
STUBAND_001,ZONE_C,Library,0,-59,1,2025-12-30T09:37:00,0
STUBAND_002,ZONE_B,Laboratory,1,-50,1,2025-12-30T09:43:00,0
STUBAND_015,ZONE_B,Laboratory,0,-62,1,2025-12-30T09:44:00,0
STUBAND_001,ZONE_A,Lecture Hall,1,-55,1,2025-12-30T09:46:00,0
STUBAND_006,ZONE_B,Laboratory,0,-53,1,2025-12-30T09:49:00,0
STUBAND_009,ZONE_C,Library,0,-57,1,2025-12-30T09:53:00,0
STUBAND_013,ZONE_C,Library,0,-63,1,2025-12-30T09:53:00,0
STUBAND_013,ZONE_A,Lecture Hall,1,-45,1,2025-12-30T10:00:00,0
STUBAND_003,ZONE_D,Restricted Area,0,-63,1,2025-12-30T10:03:00,0
STUBAND_015,ZONE_A,Lecture Hall,1,-58,1,2025-12-30T10:10:00,0
STUBAND_003,ZONE_A,Lecture Hall,1,-57,1,2025-12-30T10:14:00,0
STUBAND_009,ZONE_B,Laboratory,1,-61,1,2025-12-30T10:23:00,0
STUBAND_013,ZONE_A,Lecture Hall,0,-45,1,2025-12-30T10:32:00,0
STUBAND_014,ZONE_C,Library,0,-60,1,2025-12-30T10:37:00,0
STUBAND_010,ZONE_A,Lecture Hall,0,-45,1,2025-12-30T10:52:00,0
STUBAND_001,ZONE_A,Lecture Hall,0,-55,1,2025-12-30T10:57:00,0
STUBAND_010,ZONE_C,Library,1,-56,1,2025-12-30T11:00:00,0
STUBAND_004,ZONE_B,Laboratory,0,-65,1,2025-12-30T11:02:00,0
STUBAND_001,ZONE_B,Laboratory,1,-55,1,2025-12-30T11:05:00,0
STUBAND_005,ZONE_A,Lecture Hall,0,-55,1,2025-12-30T11:10:00,0
STUBAND_004,ZONE_C,Library,1,-72,1,2025-12-30T11:20:00,0
STUBAND_005,ZONE_C,Library,1,-64,1,2025-12-30T11:29:00,0
STUBAND_010,ZONE_C,Library,0,-56,1,2025-12-30T11:29:00,0
STUBAND_001,ZONE_B,Laboratory,0,-55,1,2025-12-30T11:33:00,0
STUBAND_003,ZONE_A,Lecture Hall,0,-57,1,2025-12-30T11:33:00,0
STUBAND_010,ZONE_B,Laboratory,1,-52,1,2025-12-30T11:57:00,0
STUBAND_015,ZONE_A,Lecture Hall,0,-58,1,2025-12-30T12:15:00,0
STUBAND_009,ZONE_B,Laboratory,0,-61,1,2025-12-30T12:25:00,0
STUBAND_010,ZONE_B,Laboratory,0,-52,1,2025-12-30T12:31:00,0
STUBAND_007,ZONE_A,Lecture Hall,0,-51,1,2025-12-30T13:16:00,0
STUBAND_007,ZONE_B,Laboratory,1,-60,1,2025-12-30T13:27:00,0
STUBAND_011,ZONE_A,Lecture Hall,0,-48,1,2025-12-30T13:47:00,0
STUBAND_011,ZONE_C,Library,1,-71,1,2025-12-30T13:53:00,0
STUBAND_004,ZONE_C,Library,0,-72,1,2025-12-30T14:07:00,0
STUBAND_005,ZONE_C,Library,0,-64,1,2025-12-30T14:09:00,0
STUBAND_005,ZONE_B,Laboratory,1,-59,1,2025-12-30T14:24:00,0
STUBAND_011,ZONE_C,Library,0,-71,1,2025-12-30T15:09:00,0
STUBAND_002,ZONE_B,Laboratory,0,-50,1,2025-12-30T15:14:00,0
STUBAND_005,ZONE_B,Laboratory,0,-59,1,2025-12-30T16:34:00,0
STUBAND_007,ZONE_B,Laboratory,0,-60,1,2025-12-30T19:15:00,0
STUBAND_007,ZONE_C,Library,1,-57,1,2025-12-30T19:28:00,0
STUBAND_007,ZONE_C,Library,0,-57,1,2025-12-30T20:27:00,0
